"representative","qupm","qusm","clustername","temperature","experiment","label","RefCol","conc","raw_value","raw_rel_value","log_conc","rel_value"
"1",25,27,"protein1",37,"exp1","126","126",0,109934316.981596,1,-Inf,1
"1",25,27,"protein1",37,"exp1","127H","126",2,107179715.965396,1,-5.69897000433602,0.992189018267933
"1",25,27,"protein1",37,"exp1","127L","126",0.5,111273405.33663,1.00475179983011,-6.30102999566398,0.993047644313618
"1",25,27,"protein1",37,"exp1","128H","126",40,107106990.232484,0.983685915720261,-4.39794000867204,0.983954096420418
"1",25,27,"protein1",37,"exp1","128L","126",10,108376012.010527,1.01042318499513,-5,1.01042318499513
"10",35,35,"protein10",37,"exp1","126","126",0,106533237.392568,1,-Inf,1
"10",35,35,"protein10",37,"exp1","127H","126",2,117143274.071185,1.12785407750381,-5.69897000433602,1.11904442990799
"10",35,35,"protein10",37,"exp1","127L","126",0.5,109340752.421929,1.01882039347504,-6.30102999566398,1.00695235568638
"10",35,35,"protein10",37,"exp1","128H","126",40,108368476.130602,1.02704568380581,-4.39794000867204,1.02732568560941
"10",35,35,"protein10",37,"exp1","128L","126",10,110926291.810059,1.0672171354229,-5,1.0672171354229
"11",17,20,"protein11",37,"exp1","126","126",0,14974155.9547837,1,-Inf,1
"11",17,20,"protein11",37,"exp1","127H","126",2,15711129.2658576,1.07618201674085,-5.69897000433602,1.06777597866771
"11",17,20,"protein11",37,"exp1","127L","126",0.5,16245213.9404671,1.07692083531498,-6.30102999566398,1.06437599694036
"11",17,20,"protein11",37,"exp1","128H","126",40,15032180.9867952,1.01356490429688,-4.39794000867204,1.01384123085736
"11",17,20,"protein11",37,"exp1","128L","126",10,16595770.7504466,1.13594811311376,-5,1.13594811311376
"12",26,26,"protein12",37,"exp1","126","126",0,133986736.053599,1,-Inf,1
"12",26,26,"protein12",37,"exp1","127H","126",2,119851468.494222,0.917491886908583,-5.69897000433602,0.91032537454062
"12",26,26,"protein12",37,"exp1","127L","126",0.5,130352381.301097,0.965734747629756,-6.30102999566398,0.954485094057754
"12",26,26,"protein12",37,"exp1","128H","126",40,121648442.658182,0.916677699008426,-4.39794000867204,0.916927611366842
"12",26,26,"protein12",37,"exp1","128L","126",10,126802515.556479,0.969994967485688,-5,0.969994967485688
"13",34,37,"protein13",37,"exp1","126","126",0,48457530.0220186,1,-Inf,1
"13",34,37,"protein13",37,"exp1","127H","126",2,53452033.4464818,1.13141944571332,-5.69897000433602,1.12258194909155
"13",34,37,"protein13",37,"exp1","127L","126",0.5,46510093.5515594,0.952766844784651,-6.30102999566398,0.941668251754812
"13",34,37,"protein13",37,"exp1","128H","126",40,50238893.1234282,1.04676865411184,-4.39794000867204,1.04705403295693
"13",34,37,"protein13",37,"exp1","128L","126",10,45717732.1542588,0.967000781112114,-5,0.967000781112114
"14",6,9,"protein14",37,"exp1","126","126",0,110070931.230581,1,-Inf,1
"14",6,9,"protein14",37,"exp1","127H","126",2,110137312.315345,1.02631934304775,-5.69897000433602,1.01830278140793
"14",6,9,"protein14",37,"exp1","127L","126",0.5,91264103.4801503,0.823053464606802,-6.30102999566398,0.813465877155085
"14",6,9,"protein14",37,"exp1","128H","126",40,113371554.647216,1.03992826300959,-4.39794000867204,1.04021177696992
"14",6,9,"protein14",37,"exp1","128L","126",10,98805330.9558115,0.920049420113141,-5,0.920049420113141
"15",30,34,"protein15",37,"exp1","126","126",0,112686520.71251,1,-Inf,1
"15",30,34,"protein15",37,"exp1","127H","126",2,106552694.881587,0.969869158115164,-5.69897000433602,0.962293527838631
"15",30,34,"protein15",37,"exp1","127L","126",0.5,110681212.363919,0.974995550874728,-6.30102999566398,0.963638020032533
"15",30,34,"protein15",37,"exp1","128H","126",40,109300618.586368,0.979315368853508,-4.39794000867204,0.979582358018541
"15",30,34,"protein15",37,"exp1","128L","126",10,112092142.529902,1.01954551832414,-5,1.01954551832414
"16",25,25,"protein16",37,"exp1","126","126",0,118203234.911696,1,-Inf,1
"16",25,25,"protein16",37,"exp1","127H","126",2,105177614.558927,0.912671807264193,-5.69897000433602,0.90554294445028
"16",25,25,"protein16",37,"exp1","127L","126",0.5,124032217.796363,1.04161168515522,-6.30102999566398,1.02947815610565
"16",25,25,"protein16",37,"exp1","128H","126",40,119898297.928692,1.02413115014657,-4.39794000867204,1.02441035736558
"16",25,25,"protein16",37,"exp1","128L","126",10,111966648.72431,0.970873700356798,-5,0.970873700356798
"17",21,25,"protein17",37,"exp1","126","126",0,131081746.760063,1,-Inf,1
"17",21,25,"protein17",37,"exp1","127H","126",2,148824423.755338,1.16453533400813,-5.69897000433602,1.15543916978785
"17",21,25,"protein17",37,"exp1","127L","126",0.5,141127898.151747,1.06873824188998,-6.30102999566398,1.05628872093206
"17",21,25,"protein17",37,"exp1","128H","126",40,129828577.85066,1,-4.39794000867204,1.00027262838257
"17",21,25,"protein17",37,"exp1","128L","126",10,136910842.567323,1.0705304938818,-5,1.0705304938818
"18",23,25,"tp1",37,"exp1","126","126",0,28988368.05,1,-Inf,1
"18",23,25,"tp1",37,"exp1","127H","126",2,36485041.643,1.1,-5.69897000433602,1.09140792009473
"18",23,25,"tp1",37,"exp1","127L","126",0.5,26146693.957,1.04,-6.30102999566398,1.02788524515288
"18",23,25,"tp1",37,"exp1","128H","126",40,33705667.988,0.98,-4.39794000867204,0.980267175814916
"18",23,25,"tp1",37,"exp1","128L","126",10,33918643.76,1,-5,1
"19",25,26,"tp2",37,"exp1","126","126",0,65352017.02,1,-Inf,1
"19",25,26,"tp2",37,"exp1","127H","126",2,72209213.809,0.96,-5.69897000433602,0.952501457537216
"19",25,26,"tp2",37,"exp1","127L","126",0.5,58539466.527,1.03,-6.30102999566398,1.01800173318025
"19",25,26,"tp2",37,"exp1","128H","126",40,69522780.339,0.9,-4.39794000867204,0.90024536554431
"19",25,26,"tp2",37,"exp1","128L","126",10,67268425.436,0.88,-5,0.88
"2",10,14,"protein2",37,"exp1","126","126",0,121726876.02964,1,-Inf,1
"2",10,14,"protein2",37,"exp1","127H","126",2,103162688.855244,0.869274334813295,-5.69897000433602,0.862484448863914
"2",10,14,"protein2",37,"exp1","127L","126",0.5,111684511.410494,0.910766752465913,-6.30102999566398,0.900157410226457
"2",10,14,"protein2",37,"exp1","128H","126",40,120497421.689126,0.99945489184682,-4.39794000867204,0.999727371617433
"2",10,14,"protein2",37,"exp1","128L","126",10,107803916.755283,0.907719119049118,-5,0.907719119049118
"20",3,4,"tp3",37,"exp1","126","126",0,80425152.773,1,-Inf,1
"20",3,4,"tp3",37,"exp1","127H","126",2,96957853.76,1.05,-5.69897000433602,1.04179846918133
"20",3,4,"tp3",37,"exp1","127L","126",0.5,75015447.269,1.07,-6.30102999566398,1.05753578107075
"20",3,4,"tp3",37,"exp1","128H","126",40,104913950.215,1.1,-4.39794000867204,1.10029989122082
"20",3,4,"tp3",37,"exp1","128L","126",10,97454667.813,1.04,-5,1.04
"3",6,6,"protein3",37,"exp1","126","126",0,44848622.5890543,1,-Inf,1
"3",6,6,"protein3",37,"exp1","127H","126",2,40844491.211357,0.934125143343735,-5.69897000433602,0.926828708913613
"3",6,6,"protein3",37,"exp1","127L","126",0.5,39731405.3655234,0.879398081687094,-6.30102999566398,0.869154146905681
"3",6,6,"protein3",37,"exp1","128H","126",40,43543193.0471698,0.980264068274769,-4.39794000867204,0.980531316082191
"3",6,6,"protein3",37,"exp1","128L","126",10,40092489.021561,0.916257049622377,-5,0.916257049622377
"4",11,12,"protein4",37,"exp1","126","126",0,106852343.844519,1,-Inf,1
"4",11,12,"protein4",37,"exp1","127H","126",2,105815196.512322,1.01574494695719,-5.69897000433602,1.00781098173207
"4",11,12,"protein4",37,"exp1","127L","126",0.5,110168713.148221,1.0234695349486,-6.30102999566398,1.01154734022803
"4",11,12,"protein4",37,"exp1","128H","126",40,112576652.297295,1.06374173084879,-4.39794000867204,1.06403173703634
"4",11,12,"protein4",37,"exp1","128L","126",10,102629724.442055,0.984447429465218,-5,0.984447429465218
"5",29,31,"protein5",37,"exp1","126","126",0,145258300.551973,1,-Inf,1
"5",29,31,"protein5",37,"exp1","127H","126",2,128446606.278842,0.906989701853908,-5.69897000433602,0.899905221861555
"5",29,31,"protein5",37,"exp1","127L","126",0.5,130405789.287131,0.891161897318391,-6.30102999566398,0.880780928169248
"5",29,31,"protein5",37,"exp1","128H","126",40,118030634.515414,0.82040009730692,-4.39794000867204,0.820623761658506
"5",29,31,"protein5",37,"exp1","128L","126",10,151095280.556304,1.06613784539942,-5,1.06613784539942
"6",34,39,"protein6",37,"exp1","126","126",0,35218055.6990244,1,-Inf,1
"6",34,39,"protein6",37,"exp1","127H","126",2,33443297.3549991,0.974012196335065,-5.69897000433602,0.966404204862682
"6",34,39,"protein6",37,"exp1","127L","126",0.5,30138480.7045513,0.849486880052371,-6.30102999566398,0.839591374958447
"6",34,39,"protein6",37,"exp1","128H","126",40,32182563.4088982,0.922629162818022,-4.39794000867204,0.922880697714391
"6",34,39,"protein6",37,"exp1","128L","126",10,34237196.080441,0.99640576956437,-5,0.99640576956437
"7",34,34,"protein7",37,"exp1","126","126",0,111616450.526502,1,-Inf,1
"7",34,34,"protein7",37,"exp1","127H","126",2,111562990.175839,1.02520949345641,-5.69897000433602,1.01720160083148
"7",34,34,"protein7",37,"exp1","127L","126",0.5,114787425.866345,1.02086145304899,-6.30102999566398,1.00896963935999
"7",34,34,"protein7",37,"exp1","128H","126",40,129129679.639212,1.16807246446539,-4.39794000867204,1.1683909141721
"7",34,34,"protein7",37,"exp1","128L","126",10,108899224.760718,1,-5,1
"8",31,33,"protein8",37,"exp1","126","126",0,117098779.782832,1,-Inf,1
"8",31,33,"protein8",37,"exp1","127H","126",2,137721363.300796,1.20633971055899,-5.69897000433602,1.19691701311715
"8",31,33,"protein8",37,"exp1","127L","126",0.5,137071937.088852,1.1619752477762,-6.30102999566398,1.14843962732886
"8",31,33,"protein8",37,"exp1","128H","126",40,153343139.879405,1.32215965977969,-4.39794000867204,1.32252011802923
"8",31,33,"protein8",37,"exp1","128L","126",10,144064888.626464,1.26098290152205,-5,1.26098290152205
"9",7,10,"protein9",37,"exp1","126","126",0,26823185.3984165,1,-Inf,1
"9",7,10,"protein9",37,"exp1","127H","126",2,25765256.4947397,0.985246270429179,-5.69897000433602,0.97755052980927
"9",7,10,"protein9",37,"exp1","127L","126",0.5,27021512.5405408,1,-6.30102999566398,0.988351197262382
"9",7,10,"protein9",37,"exp1","128H","126",40,25961873.8733394,0.977231830744148,-4.39794000867204,0.977498251877557
"9",7,10,"protein9",37,"exp1","128L","126",10,29178887.9602178,1.11496646311364,-5,1.11496646311364
"1",25,27,"protein1",37.8,"exp1","129H","129L",0.5,85088428.1985582,0.988546687964762,-6.30102999566398,0.987012374573381
"1",25,27,"protein1",37.8,"exp1","129L","129L",0,83178521.8565658,1,-Inf,1
"1",25,27,"protein1",37.8,"exp1","130H","129L",10,82359465.4893284,0.976043708731075,-5,0.973779719043866
"1",25,27,"protein1",37.8,"exp1","130L","129L",2,84512578.5364293,0.982874595229406,-5.69897000433602,0.982552955068179
"1",25,27,"protein1",37.8,"exp1","131L","129L",40,82485034.99722,0.973027049328692,-4.39794000867204,0.972013717287303
"10",35,35,"protein10",37.8,"exp1","129H","129L",0.5,98028361.678352,1.02763321455332,-6.30102999566398,1.02603823535637
"10",35,35,"protein10",37.8,"exp1","129L","129L",0,92183139.3457628,1,-Inf,1
"10",35,35,"protein10",37.8,"exp1","130H","129L",10,98836907.0485129,1.05690170285805,-5,1.05445015838903
"10",35,35,"protein10",37.8,"exp1","130L","129L",2,98447845.1833627,1.03310074867547,-5.69897000433602,1.03276267228914
"10",35,35,"protein10",37.8,"exp1","131L","129L",40,96145846.2289936,1.02338720034618,-4.39794000867204,1.02232142212185
"11",17,20,"protein11",37.8,"exp1","129H","129L",0.5,4910802.17612527,1.08082339387743,-6.30102999566398,1.07914585873707
"11",17,20,"protein11",37.8,"exp1","129L","129L",0,4390718.41590007,1,-Inf,1
"11",17,20,"protein11",37.8,"exp1","130H","129L",10,3896999.59983671,0.874906656324625,-5,0.872877259864742
"11",17,20,"protein11",37.8,"exp1","130L","129L",2,4255731.05033535,0.937619311678937,-5.69897000433602,0.937312481053706
"11",17,20,"protein11",37.8,"exp1","131L","129L",40,4217437.56376207,0.94248408366824,-4.39794000867204,0.941502559751572
"12",26,26,"protein12",37.8,"exp1","129H","129L",0.5,102301023.553416,0.972888279761969,-6.30102999566398,0.97137826962878
"12",26,26,"protein12",37.8,"exp1","129L","129L",0,101614314.096792,1,-Inf,1
"12",26,26,"protein12",37.8,"exp1","130H","129L",10,101129694.926012,0.981049120065027,-5,0.978773520037483
"12",26,26,"protein12",37.8,"exp1","130L","129L",2,100123124.157607,0.95316362039175,-5.69897000433602,0.952851702979268
"12",26,26,"protein12",37.8,"exp1","131L","129L",40,99499247.0746001,0.960784201533312,-4.39794000867204,0.959783619466302
"13",34,37,"protein13",37.8,"exp1","129H","129L",0.5,30814597.5796198,1.00310900538009,-6.30102999566398,1.00155208996202
"13",34,37,"protein13",37.8,"exp1","129L","129L",0,29685628.8791948,1,-Inf,1
"13",34,37,"protein13",37.8,"exp1","130H","129L",10,29312410.6493816,0.97335716013755,-5,0.971099402054782
"13",34,37,"protein13",37.8,"exp1","130L","129L",2,30687273.0817001,1,-5.69897000433602,0.999672755646765
"13",34,37,"protein13",37.8,"exp1","131L","129L",40,26696283.2111115,0.882399993090682,-4.39794000867204,0.881481042084194
"14",6,9,"protein14",37.8,"exp1","129H","129L",0.5,95006981.4795303,0.965177841305321,-6.30102999566398,0.963679798466264
"14",6,9,"protein14",37.8,"exp1","129L","129L",0,95123114.1653092,1,-Inf,1
"14",6,9,"protein14",37.8,"exp1","130H","129L",10,93666531.8235355,0.970655959987889,-5,0.968404467494692
"14",6,9,"protein14",37.8,"exp1","130L","129L",2,92680947.4421373,0.942523875955569,-5.69897000433602,0.942215440339373
"14",6,9,"protein14",37.8,"exp1","131L","129L",40,99624747.2243246,1.02764265242149,-4.39794000867204,1.02657244247458
"15",30,34,"protein15",37.8,"exp1","129H","129L",0.5,89471997.4308266,1.02930899862535,-6.30102999566398,1.02771141846077
"15",30,34,"protein15",37.8,"exp1","129L","129L",0,83999992.2330213,1,-Inf,1
"15",30,34,"protein15",37.8,"exp1","130H","129L",10,86760368.6787724,1.01814372359261,-5,1.01578208049232
"15",30,34,"protein15",37.8,"exp1","130L","129L",2,89724607.9213303,1.03328536667981,-5.69897000433602,1.03294722987828
"15",30,34,"protein15",37.8,"exp1","131L","129L",40,87446705.0987883,1.02146891124797,-4.39794000867204,1.02040513077263
"16",25,25,"protein16",37.8,"exp1","129H","129L",0.5,91587528.5927918,0.963417148250419,-6.30102999566398,0.961921838165378
"16",25,25,"protein16",37.8,"exp1","129L","129L",0,91867066.8695881,1,-Inf,1
"16",25,25,"protein16",37.8,"exp1","130H","129L",10,95907819.1273042,1.02910837028772,-5,1.0267212940569
"16",25,25,"protein16",37.8,"exp1","130L","129L",2,95219345.21032,1.00265909100541,-5.69897000433602,1.00233097647966
"16",25,25,"protein16",37.8,"exp1","131L","129L",40,93821737.1531704,1.002085015928,-4.39794000867204,1.00104142227299
"17",21,25,"protein17",37.8,"exp1","129H","129L",0.5,68570562.5794943,0.999809754011772,-6.30102999566398,0.998257959328638
"17",21,25,"protein17",37.8,"exp1","129L","129L",0,66276295.5256085,1,-Inf,1
"17",21,25,"protein17",37.8,"exp1","130H","129L",10,66234845.0983305,0.985133855877129,-5,0.982848781069233
"17",21,25,"protein17",37.8,"exp1","130L","129L",2,68557427.1704849,1.00065470295431,-5.69897000433602,1.00032724435323
"17",21,25,"protein17",37.8,"exp1","131L","129L",40,67066814.9979174,0.992911190099394,-4.39794000867204,0.991877150270926
"18",23,25,"tp1",37.8,"exp1","129H","129L",0.5,22721995.853,1.08,-6.30102999566398,1.07832374284102
"18",23,25,"tp1",37.8,"exp1","129L","129L",0,36717613.423,1,-Inf,1
"18",23,25,"tp1",37.8,"exp1","130H","129L",10,28600935.244,1.19,-5,1.18723972635275
"18",23,25,"tp1",37.8,"exp1","130L","129L",2,22856882.002,1.15,-5.69897000433602,1.14962366899378
"18",23,25,"tp1",37.8,"exp1","131L","129L",40,31142007.64,1.25,-4.39794000867204,1.24869822215877
"19",25,26,"tp2",37.8,"exp1","129H","129L",0.5,52126380.751,0.96,-6.30102999566398,0.958509993636458
"19",25,26,"tp2",37.8,"exp1","129L","129L",0,94169292.708,1,-Inf,1
"19",25,26,"tp2",37.8,"exp1","130H","129L",10,61711283.753,1,-5,0.997680442313232
"19",25,26,"tp2",37.8,"exp1","130L","129L",2,49975163.576,0.98,-5.69897000433602,0.97967930053383
"19",25,26,"tp2",37.8,"exp1","131L","129L",40,63008273.849,0.99,-4.39794000867204,0.988968991949743
"2",10,14,"protein2",37.8,"exp1","129H","129L",0.5,66721210.6054863,1.07746596358528,-6.30102999566398,1.07579363947878
"2",10,14,"protein2",37.8,"exp1","129L","129L",0,59840917.026023,1,-Inf,1
"2",10,14,"protein2",37.8,"exp1","130H","129L",10,64988488.8948856,1.07054553420718,-5,1.06806234208428
"2",10,14,"protein2",37.8,"exp1","130L","129L",2,62781607.2071702,1.01489741159854,-5.69897000433602,1.01456529215148
"2",10,14,"protein2",37.8,"exp1","131L","129L",40,60987002.9216379,1,-4.39794000867204,0.998958577727013
"20",3,4,"tp3",37.8,"exp1","129H","129L",0.5,60020311.526,1.06,-6.30102999566398,1.05835478464026
"20",3,4,"tp3",37.8,"exp1","129L","129L",0,98565509.068,1,-Inf,1
"20",3,4,"tp3",37.8,"exp1","130H","129L",10,88990103.313,1.37,-5,1.36682220596913
"20",3,4,"tp3",37.8,"exp1","130L","129L",2,70110801.953,1.32,-5.69897000433602,1.31956803745373
"20",3,4,"tp3",37.8,"exp1","131L","129L",40,92755776.963,1.39,-4.39794000867204,1.38855242304055
"3",6,6,"protein3",37.8,"exp1","129H","129L",0.5,32118822.1865143,1.05561787234024,-6.30102999566398,1.05397945843685
"3",6,6,"protein3",37.8,"exp1","129L","129L",0,29402940.0977221,1,-Inf,1
"3",6,6,"protein3",37.8,"exp1","130H","129L",10,32597447.1466312,1.09284803607646,-5,1.09031311201391
"3",6,6,"protein3",37.8,"exp1","130L","129L",2,29413453.275557,0.967705506280973,-5.69897000433602,0.967388830118448
"3",6,6,"protein3",37.8,"exp1","131L","129L",40,30732081.0005412,1.02556256261628,-4.39794000867204,1.02449451892123
"4",11,12,"protein4",37.8,"exp1","129H","129L",0.5,77475504.5455344,0.949321947696549,-6.30102999566398,0.947848514630801
"4",11,12,"protein4",37.8,"exp1","129L","129L",0,78865811.0890788,1,-Inf,1
"4",11,12,"protein4",37.8,"exp1","130H","129L",10,77309862.1920657,0.966302427206691,-5,0.964061032983921
"4",11,12,"protein4",37.8,"exp1","130L","129L",2,74171376.2330364,0.909778184775386,-5.69897000433602,0.909480465001722
"4",11,12,"protein4",37.8,"exp1","131L","129L",40,79228724.3484703,0.985722882012254,-4.39794000867204,0.984696328247934
"5",29,31,"protein5",37.8,"exp1","129H","129L",0.5,127855148.97765,1,-6.30102999566398,0.998447910037977
"5",29,31,"protein5",37.8,"exp1","129L","129L",0,123553799.465679,1,-Inf,1
"5",29,31,"protein5",37.8,"exp1","130H","129L",10,125922664.740437,1.00464990108735,-5,1.00231955768677
"5",29,31,"protein5",37.8,"exp1","130L","129L",2,126014832.72147,0.986628184942107,-5.69897000433602,0.986305316439842
"5",29,31,"protein5",37.8,"exp1","131L","129L",40,126532618.720623,1.00486412119621,-4.39794000867204,1.00381763331908
"6",34,39,"protein6",37.8,"exp1","129H","129L",0.5,27191197.9206128,0.933790973518595,-6.30102999566398,0.932341645921969
"6",34,39,"protein6",37.8,"exp1","129L","129L",0,28139511.3863203,1,-Inf,1
"6",34,39,"protein6",37.8,"exp1","130H","129L",10,27163319.9287075,0.95155356815695,-5,0.94934638476356
"6",34,39,"protein6",37.8,"exp1","130L","129L",2,27813864.7798662,0.95616477990569,-5.69897000433602,0.955851880380704
"6",34,39,"protein6",37.8,"exp1","131L","129L",40,25861797.7260953,0.901785208133112,-4.39794000867204,0.900846068931912
"7",34,34,"protein7",37.8,"exp1","129H","129L",0.5,92702347.7753212,0.986406799903134,-6.30102999566398,0.984875807810533
"7",34,34,"protein7",37.8,"exp1","129L","129L",0,90818130.6331019,1,-Inf,1
"7",34,34,"protein7",37.8,"exp1","130H","129L",10,98495491.467954,1.06908131383247,-5,1.06660151805319
"7",34,34,"protein7",37.8,"exp1","130L","129L",2,95631305.3838187,1.01862769860477,-5.69897000433602,1.01829435844235
"7",34,34,"protein7",37.8,"exp1","131L","129L",40,97077499.539589,1.04883451833553,-4.39794000867204,1.04774223870746
"8",31,33,"protein8",37.8,"exp1","129H","129L",0.5,114972543.891155,1.06809129840849,-6.30102999566398,1.06643352462571
"8",31,33,"protein8",37.8,"exp1","129L","129L",0,104021627.963303,1,-Inf,1
"8",31,33,"protein8",37.8,"exp1","130H","129L",10,105525325.602463,1,-5,0.997680442313232
"8",31,33,"protein8",37.8,"exp1","130L","129L",2,113245487.462907,1.05313783350461,-5.69897000433602,1.05279320009541
"8",31,33,"protein8",37.8,"exp1","131L","129L",40,110331205.636057,1.04072423137739,-4.39794000867204,1.0396403979828
"9",7,10,"protein9",37.8,"exp1","129H","129L",0.5,13822854.6941972,1.01823845857325,-6.30102999566398,1.01665806088276
"9",7,10,"protein9",37.8,"exp1","129L","129L",0,13118558.8867676,1,-Inf,1
"9",7,10,"protein9",37.8,"exp1","130H","129L",10,13532888.0219009,1.01688374371877,-5,1.01452502321448
"9",7,10,"protein9",37.8,"exp1","130L","129L",2,13814842.5132604,1.01870342182914,-5.69897000433602,1.01837005688672
"9",7,10,"protein9",37.8,"exp1","131L","129L",40,13257858.9335072,0.991626703664994,-4.39794000867204,0.990594001529309
"1",28,29,"protein1",40.4,"exp2","126","126",0,41491669.4394627,1,-Inf,1
"1",28,29,"protein1",40.4,"exp2","127H","126",2,39037193.2072286,0.943256203676263,-5.69897000433602,0.930446321460583
"1",28,29,"protein1",40.4,"exp2","127L","126",0.5,39869182.5613553,0.971709323007364,-6.30102999566398,0.957056875675077
"1",28,29,"protein1",40.4,"exp2","128H","126",40,37276938.9919704,0.92117554069219,-4.39794000867204,0.89914451177449
"1",28,29,"protein1",40.4,"exp2","128L","126",10,39118341.8528796,0.965486159016912,-5,0.943066273869225
"10",14,17,"protein10",40.4,"exp2","126","126",0,71415817.4407267,1,-Inf,1
"10",14,17,"protein10",40.4,"exp2","127H","126",2,73841351.0041878,1.03661435268046,-5.69897000433602,1.02253662097918
"10",14,17,"protein10",40.4,"exp2","127L","126",0.5,72799209.2067386,1.0308422200236,-6.30102999566398,1.0152981051539
"10",14,17,"protein10",40.4,"exp2","128H","126",40,72642480.1396919,1.04293998005588,-4.39794000867204,1.01799680707196
"10",14,17,"protein10",40.4,"exp2","128L","126",10,71304876.0251599,1.02247180578959,-5,0.998728637398765
"11",33,33,"protein11",40.4,"exp2","126","126",0,3339106.60907059,1,-Inf,1
"11",33,33,"protein11",40.4,"exp2","127H","126",2,2851861.86120813,0.856268948953424,-5.69897000433602,0.844640396352033
"11",33,33,"protein11",40.4,"exp2","127L","126",0.5,2646022.66532491,0.80135180996376,-6.30102999566398,0.789268191012995
"11",33,33,"protein11",40.4,"exp2","128H","126",40,3244797.06666462,0.996369259072043,-4.39794000867204,0.9725398812937
"11",33,33,"protein11",40.4,"exp2","128L","126",10,2697444.53932019,0.827272833252458,-5,0.8080624471334
"12",15,15,"protein12",40.4,"exp2","126","126",0,82532915.4781493,1,-Inf,1
"12",15,15,"protein12",40.4,"exp2","127H","126",2,78315198.6842208,0.951329277481029,-5.69897000433602,0.938409758960649
"12",15,15,"protein12",40.4,"exp2","127L","126",0.5,67567570.1813036,0.827886997869025,-6.30102999566398,0.815403253660605
"12",15,15,"protein12",40.4,"exp2","128H","126",40,84718025.5348396,1.05247479216472,-4.39794000867204,1.02730358259927
"12",15,15,"protein12",40.4,"exp2","128L","126",10,63149560.3926551,0.783555328956417,-5,0.765360121994623
"13",24,26,"protein13",40.4,"exp2","126","126",0,24168038.2332765,1,-Inf,1
"13",24,26,"protein13",40.4,"exp2","127H","126",2,24262740.1422503,1.00649226784355,-5.69897000433602,0.992823608838901
"13",24,26,"protein13",40.4,"exp2","127L","126",0.5,24832126.4390154,1.03904045948923,-6.30102999566398,1.02337272300847
"13",24,26,"protein13",40.4,"exp2","128H","126",40,23052905.3911798,0.978019092301626,-4.39794000867204,0.954628580989993
"13",24,26,"protein13",40.4,"exp2","128L","126",10,22296407.7086073,0.944756789656378,-5,0.922818268302368
"14",30,31,"protein14",40.4,"exp2","126","126",0,63689572.4309719,1,-Inf,1
"14",30,31,"protein14",40.4,"exp2","127H","126",2,60142546.6506832,0.946728553468044,-5.69897000433602,0.933871515037891
"14",30,31,"protein14",40.4,"exp2","127L","126",0.5,66915126.6097572,1.06246814556457,-6.30102999566398,1.046447141982
"14",30,31,"protein14",40.4,"exp2","128H","126",40,75147497.5201823,1.20978794796591,-4.39794000867204,1.18085440371886
"14",30,31,"protein14",40.4,"exp2","128L","126",10,57826845.318791,0.929796037388486,-5,0.908204924792682
"15",7,12,"protein15",40.4,"exp2","126","126",0,52415555.077587,1,-Inf,1
"15",7,12,"protein15",40.4,"exp2","127H","126",2,55298761.5275032,1.05771146266562,-5.69897000433602,1.04334722185585
"15",7,12,"protein15",40.4,"exp2","127L","126",0.5,48701288.8755637,0.939593952854046,-6.30102999566398,0.925425774591311
"15",7,12,"protein15",40.4,"exp2","128H","126",40,48975219.3604962,0.958030344007347,-4.39794000867204,0.935117887824456
"15",7,12,"protein15",40.4,"exp2","128L","126",10,49904901.1890559,0.9750110429677,-5,0.952369977223868
"16",12,12,"protein16",40.4,"exp2","126","126",0,90988732.5401305,1,-Inf,1
"16",12,12,"protein16",40.4,"exp2","127H","126",2,85995877.9241684,0.9475497348192,-5.69897000433602,0.934681544343245
"16",12,12,"protein16",40.4,"exp2","127L","126",0.5,86742774.5305669,0.964063501600105,-6.30102999566398,0.949526345942838
"16",12,12,"protein16",40.4,"exp2","128H","126",40,87944950.2167195,0.991028984120884,-4.39794000867204,0.967327325486916
"16",12,12,"protein16",40.4,"exp2","128L","126",10,86798324.2436279,0.976900313644546,-5,0.954215376498527
"17",16,19,"protein17",40.4,"exp2","126","126",0,33684447.4621635,1,-Inf,1
"17",16,19,"protein17",40.4,"exp2","127H","126",2,33598309.9771262,1,-5.69897000433602,0.986419509179209
"17",16,19,"protein17",40.4,"exp2","127L","126",0.5,33507340.0042072,1.00593628098764,-6.30102999566398,0.990767723860713
"17",16,19,"protein17",40.4,"exp2","128H","126",40,33485354.7655245,1.0192683548387,-4.39794000867204,0.994891317446377
"17",16,19,"protein17",40.4,"exp2","128L","126",10,33717746.2160853,1.02507498019757,-5,1.00127136260123
"18",8,13,"tp1",40.4,"exp2","126","126",0,17145835.254,1,-Inf,1
"18",8,13,"tp1",40.4,"exp2","127H","126",2,23306322.923,1.67,-5.69897000433602,1.64732058032928
"18",8,13,"tp1",40.4,"exp2","127L","126",0.5,20072017.437,1.19,-6.30102999566398,1.17205593801297
"18",8,13,"tp1",40.4,"exp2","128H","126",40,33463123.746,2.05,-4.39794000867204,2.00097176674128
"18",8,13,"tp1",40.4,"exp2","128L","126",10,27539802.806,1.95,-5,1.90471838137741
"19",27,31,"tp2",40.4,"exp2","126","126",0,76338958.545,1,-Inf,1
"19",27,31,"tp2",40.4,"exp2","127H","126",2,72498265.438,1.17,-5.69897000433602,1.15411082573967
"19",27,31,"tp2",40.4,"exp2","127L","126",0.5,77568356.532,1.03,-6.30102999566398,1.01446858500282
"19",27,31,"tp2",40.4,"exp2","128H","126",40,82104200.538,1.13,-4.39794000867204,1.10297468117934
"19",27,31,"tp2",40.4,"exp2","128L","126",10,72751471.709,1.16,-5,1.13306324225528
"2",8,11,"protein2",40.4,"exp2","126","126",0,42123345.9916933,1,-Inf,1
"2",8,11,"protein2",40.4,"exp2","127H","126",2,44744574.2020593,1.0649507251968,-5.69897000433602,1.05048817164867
"2",8,11,"protein2",40.4,"exp2","127L","126",0.5,41654594.7708165,1,-6.30102999566398,0.984920956313418
"2",8,11,"protein2",40.4,"exp2","128H","126",40,44098105.7298023,1.07339640739391,-4.39794000867204,1.04772483205694
"2",8,11,"protein2",40.4,"exp2","128L","126",10,43808431.2441031,1.06502883000593,-5,1.04029743036368
"20",28,31,"tp3",40.4,"exp2","126","126",0,60360321.615,1,-Inf,1
"20",28,31,"tp3",40.4,"exp2","127H","126",2,85461920.584,1.74,-5.69897000433602,1.71636994597182
"20",28,31,"tp3",40.4,"exp2","127L","126",0.5,68533262.266,1.15,-6.30102999566398,1.13265909976043
"20",28,31,"tp3",40.4,"exp2","128H","126",40,145374253.372,2.53,-4.39794000867204,2.46949198529533
"20",28,31,"tp3",40.4,"exp2","128L","126",10,108608359.604,2.18,-5,2.12937747251424
"3",6,7,"protein3",40.4,"exp2","126","126",0,7721262.33836764,1,-Inf,1
"3",6,7,"protein3",40.4,"exp2","127H","126",2,8155181.03103721,1.05890571695269,-5.69897000433602,1.04452525758353
"3",6,7,"protein3",40.4,"exp2","127L","126",0.5,8009886.98188948,1.04905444282589,-6.30102999566398,1.03323570505291
"3",6,7,"protein3",40.4,"exp2","128H","126",40,7754453.01446181,1.02973606798588,-4.39794000867204,1.00510868255362
"3",6,7,"protein3",40.4,"exp2","128L","126",10,7794978.51185387,1.03383953935061,-5,1.00983239692096
"4",10,12,"protein4",40.4,"exp2","126","126",0,71270402.5432603,1,-Inf,1
"4",10,12,"protein4",40.4,"exp2","127H","126",2,53299685.0472457,0.749768907133154,-5.69897000433602,0.739586677372118
"4",10,12,"protein4",40.4,"exp2","127L","126",0.5,56755386.40996,0.805300225132034,-6.30102999566398,0.793157067856454
"4",10,12,"protein4",40.4,"exp2","128H","126",40,60493554.1805983,0.870287917101466,-4.39794000867204,0.849473927344442
"4",10,12,"protein4",40.4,"exp2","128L","126",10,55620388.4963183,0.799192372020387,-5,0.780634051919922
"5",17,17,"protein5",40.4,"exp2","126","126",0,52332173.505612,1,-Inf,1
"5",17,17,"protein5",40.4,"exp2","127H","126",2,49514260.6699453,0.94857903392744,-5.69897000433602,0.935696865064394
"5",17,17,"protein5",40.4,"exp2","127L","126",0.5,48254810.5869004,0.932463390670765,-6.30102999566398,0.918402734466702
"5",17,17,"protein5",40.4,"exp2","128H","126",40,51039417.392882,1,-4.39794000867204,0.976083788654282
"5",17,17,"protein5",40.4,"exp2","128L","126",10,51102511.9892736,1,-5,0.976778657116622
"6",27,31,"protein6",40.4,"exp2","126","126",0,24228488.5850282,1,-Inf,1
"6",27,31,"protein6",40.4,"exp2","127H","126",2,26470788.172897,1.09534907303102,-5.69897000433602,1.08047369499916
"6",27,31,"protein6",40.4,"exp2","127L","126",0.5,22937076.2270646,0.957352073718401,-6.30102999566398,0.942916119975362
"6",27,31,"protein6",40.4,"exp2","128H","126",40,23456992.7990613,0.992679551615048,-4.39794000867204,0.96893841766005
"6",27,31,"protein6",40.4,"exp2","128L","126",10,25689321.8494635,1.08580750898767,-5,1.06059360051612
"7",7,10,"protein7",40.4,"exp2","126","126",0,65199659.7820233,1,-Inf,1
"7",7,10,"protein7",40.4,"exp2","127H","126",2,71439877.584131,1.09851848034789,-5.69897000433602,1.08360006020906
"7",7,10,"protein7",40.4,"exp2","127L","126",0.5,66602267.5788789,1.03300787785595,-6.30102999566398,1.01743110693718
"7",7,10,"protein7",40.4,"exp2","128H","126",40,66937910.350548,1.05266427752866,-4.39794000867204,1.0274885361912
"7",7,10,"protein7",40.4,"exp2","128L","126",10,68462103.3602953,1.07530442283819,-5,1.05033441013145
"8",9,11,"protein8",40.4,"exp2","126","126",0,113496914.447322,1,-Inf,1
"8",9,11,"protein8",40.4,"exp2","127H","126",2,101180334.191201,0.893766453637609,-5.69897000433602,0.881628666518053
"8",9,11,"protein8",40.4,"exp2","127L","126",0.5,122813237.753869,1.09426138409057,-6.30102999566398,1.07776096887533
"8",9,11,"protein8",40.4,"exp2","128H","126",40,110413178.511807,0.997470181495446,-4.39794000867204,0.97361447382375
"8",9,11,"protein8",40.4,"exp2","128L","126",10,115504265.79452,1.0421746204714,-5,1.01797392626508
"9",31,36,"protein9",40.4,"exp2","126","126",0,13431203.1642978,1,-Inf,1
"9",31,36,"protein9",40.4,"exp2","127H","126",2,13678762.4389092,1.02104265151767,-5.69897000433602,1.0071763911611
"9",31,36,"protein9",40.4,"exp2","127L","126",0.5,13609580.040289,1.02468352375897,-6.30102999566398,1.00923227613929
"9",31,36,"protein9",40.4,"exp2","128H","126",40,13538201.5864136,1.03349676699205,-4.39794000867204,1.00877943988755
"9",31,36,"protein9",40.4,"exp2","128L","126",10,14033519.0736448,1.06998624480463,-5,1.04513972733353
"1",28,29,"protein1",44,"exp2","129H","129L",0.5,26398929.5959867,1.15143523779372,-6.30102999566398,1.13945850338446
"1",28,29,"protein1",44,"exp2","129L","129L",0,22348225.0633309,1,-Inf,1
"1",28,29,"protein1",44,"exp2","130H","129L",10,21285071.5285671,0.977050051887273,-5,0.967798309730485
"1",28,29,"protein1",44,"exp2","130L","129L",2,28504343.882259,1.28758079489783,-5.69897000433602,1.22217378584442
"1",28,29,"protein1",44,"exp2","131L","129L",40,31063566.8822355,1.40853215933478,-4.39794000867204,1.39803675804278
"10",14,17,"protein10",44,"exp2","129H","129L",0.5,33562593.3088922,1,-6.30102999566398,0.989598429841176
"10",14,17,"protein10",44,"exp2","129L","129L",0,32715363.1339912,1,-Inf,1
"10",14,17,"protein10",44,"exp2","130H","129L",10,29992745.5447503,0.940479237598848,-5,0.931573786549262
"10",14,17,"protein10",44,"exp2","130L","129L",2,26867094.0630234,0.829039891737842,-5.69897000433602,0.786926014364548
"10",14,17,"protein10",44,"exp2","131L","129L",40,27161628.2438505,0.841322564325736,-4.39794000867204,0.835053614149416
"11",33,33,"protein11",44,"exp2","129H","129L",0.5,2719101.32466229,0.905611228158856,-6.30102999566398,0.896191449432543
"11",33,33,"protein11",44,"exp2","129L","129L",0,2926710.9187322,1,-Inf,1
"11",33,33,"protein11",44,"exp2","130H","129L",10,2900442.39668807,1.01664458425942,-5,1.00701791923802
"11",33,33,"protein11",44,"exp2","130L","129L",2,2899167.78303612,1,-5.69897000433602,0.949201627336636
"11",33,33,"protein11",44,"exp2","131L","129L",40,2395830.66098903,0.829535109706788,-4.39794000867204,0.823353991438045
"12",15,15,"protein12",44,"exp2","129H","129L",0.5,56307473.5354489,1.05379566488559,-6.30102999566398,1.04283453534422
"12",15,15,"protein12",44,"exp2","129L","129L",0,52084184.4870169,1,-Inf,1
"12",15,15,"protein12",44,"exp2","130H","129L",10,47118598.3231976,0.92804968710479,-5,0.919261932171257
"12",15,15,"protein12",44,"exp2","130L","129L",2,37477870.8308219,0.726399471226425,-5.69897000433602,0.689499560184594
"12",15,15,"protein12",44,"exp2","131L","129L",40,45843495.7865978,0.891929113588807,-4.39794000867204,0.885283078630291
"13",24,26,"protein13",44,"exp2","129H","129L",0.5,18104319.3663961,1.02696655842916,-6.30102999566398,1.01628449372089
"13",24,26,"protein13",44,"exp2","129L","129L",0,17183915.7683301,1,-Inf,1
"13",24,26,"protein13",44,"exp2","130H","129L",10,16486128.7507247,0.984195299552831,-5,0.974875898642103
"13",24,26,"protein13",44,"exp2","130L","129L",2,16390278.9489651,0.962876722137415,-5.69897000433602,0.9139641515774
"13",24,26,"protein13",44,"exp2","131L","129L",40,17056412.3101177,1.00582871951677,-4.39794000867204,0.998333983970704
"14",30,31,"protein14",44,"exp2","129H","129L",0.5,32895467.7921103,1.07874889726955,-6.30102999566398,1.06752821493085
"14",30,31,"protein14",44,"exp2","129L","129L",0,29724320.5895701,1,-Inf,1
"14",30,31,"protein14",44,"exp2","130H","129L",10,28001837.6891238,0.966405363853496,-5,0.957254416849257
"14",30,31,"protein14",44,"exp2","130L","129L",2,32223373.2201339,1.09437343560196,-5.69897000433602,1.03878104598736
"14",30,31,"protein14",44,"exp2","131L","129L",40,34020431.0044846,1.1598086834726,-4.39794000867204,1.15116659640748
"15",7,12,"protein15",44,"exp2","129H","129L",0.5,40035360.8043502,0.92452297820027,-6.30102999566398,0.914906487579074
"15",7,12,"protein15",44,"exp2","129L","129L",0,42210672.5545466,1,-Inf,1
"15",7,12,"protein15",44,"exp2","130H","129L",10,40691187.7489298,0.988923800951775,-5,0.979559625594081
"15",7,12,"protein15",44,"exp2","130L","129L",2,40815987.7237144,0.976145410150547,-5.69897000433602,0.926558811832088
"15",7,12,"protein15",44,"exp2","131L","129L",40,42057456.3217178,1.00966944094565,-4.39794000867204,1.00214608701669
"16",12,12,"protein16",44,"exp2","129H","129L",0.5,51356288.3512193,1.02102180004569,-6.30102999566398,1.01040157015882
"16",12,12,"protein16",44,"exp2","129L","129L",0,49029204.6884581,1,-Inf,1
"16",12,12,"protein16",44,"exp2","130H","129L",10,49633843.4386919,1.03850308853537,-5,1.02866944410171
"16",12,12,"protein16",44,"exp2","130L","129L",2,50895387.4544422,1.04792464511629,-5.69897000433602,0.994691778470545
"16",12,12,"protein16",44,"exp2","131L","129L",40,51648220.0528017,1.06747814396131,-4.39794000867204,1.05952403981319
"17",16,19,"protein17",44,"exp2","129H","129L",0.5,23210990.6451338,1.16349048401813,-6.30102999566398,1.15138835611949
"17",16,19,"protein17",44,"exp2","129L","129L",0,19445856.4619337,1,-Inf,1
"17",16,19,"protein17",44,"exp2","130H","129L",10,22445944.5139259,1.18411952928308,-5,1.17290703454284
"17",16,19,"protein17",44,"exp2","130L","129L",2,25268253.0365626,1.31176071210743,-5.69897000433602,1.24512540260863
"17",16,19,"protein17",44,"exp2","131L","129L",40,22817314.7147594,1.18903855820938,-4.39794000867204,1.18017867046215
"18",8,13,"tp1",44,"exp2","129H","129L",0.5,6299350.124,1.22,-6.30102999566398,1.20731008440623
"18",8,13,"tp1",44,"exp2","129L","129L",0,6503700.947,1,-Inf,1
"18",8,13,"tp1",44,"exp2","130H","129L",10,23446995.256,3.72,-5,3.68477510977378
"18",8,13,"tp1",44,"exp2","130L","129L",2,15565163.413,2.19,-5.69897000433602,2.07875156386723
"18",8,13,"tp1",44,"exp2","131L","129L",40,32211012.721,5,-4.39794000867204,4.96274348007447
"19",27,31,"tp2",44,"exp2","129H","129L",0.5,35823280.848,1.23,-6.30102999566398,1.21720606870465
"19",27,31,"tp2",44,"exp2","129L","129L",0,36812567.637,1,-Inf,1
"19",27,31,"tp2",44,"exp2","130H","129L",10,71817422.663,2.01,-5,1.99096719641003
"19",27,31,"tp2",44,"exp2","130L","129L",2,67731434.24,1.69,-5.69897000433602,1.60415075019892
"19",27,31,"tp2",44,"exp2","131L","129L",40,82828244.343,2.27,-4.39794000867204,2.25308553995381
"2",8,11,"protein2",44,"exp2","129H","129L",0.5,37474662.8198246,0.883297259558498,-6.30102999566398,0.874109581142103
"2",8,11,"protein2",44,"exp2","129L","129L",0,41354910.5425812,1,-Inf,1
"2",8,11,"protein2",44,"exp2","130H","129L",10,40312743.1210601,1,-5,0.990530943487575
"2",8,11,"protein2",44,"exp2","130L","129L",2,47374785.5734115,1.15644943809722,-5.69897000433602,1.09770368857442
"2",8,11,"protein2",44,"exp2","131L","129L",40,40810188.842365,1,-4.39794000867204,0.992548696014894
"20",28,31,"tp3",44,"exp2","129H","129L",0.5,21227194.613,0.98,-6.30102999566398,0.969806461244352
"20",28,31,"tp3",44,"exp2","129L","129L",0,27436464.05,1,-Inf,1
"20",28,31,"tp3",44,"exp2","130H","129L",10,84799395.7,3.19,-5,3.15979370972536
"20",28,31,"tp3",44,"exp2","130L","129L",2,58617093.875,1.96,-5.69897000433602,1.86043518957981
"20",28,31,"tp3",44,"exp2","131L","129L",40,121242634.262,4.46,-4.39794000867204,4.42676718422643
"3",6,7,"protein3",44,"exp2","129H","129L",0.5,2930684.81217959,0.990999176061174,-6.30102999566398,0.980691228604037
"3",6,7,"protein3",44,"exp2","129L","129L",0,2882650.92787827,1,-Inf,1
"3",6,7,"protein3",44,"exp2","130H","129L",10,3118714.33748346,1.10986019646385,-5,1.09935086754265
"3",6,7,"protein3",44,"exp2","130L","129L",2,3024310.22203208,1.0591092477899,-5.69897000433602,1.00530822152945
"3",6,7,"protein3",44,"exp2","131L","129L",40,2836220.64813123,0.997025901018039,-4.39794000867204,0.98959675794853
"4",10,12,"protein4",44,"exp2","129H","129L",0.5,72243861.0597817,1.04206059946296,-6.30102999566398,1.0312215330279
"4",10,12,"protein4",44,"exp2","129L","129L",0,67577824.7237662,1,-Inf,1
"4",10,12,"protein4",44,"exp2","130H","129L",10,66037836.6588077,1.00247456910914,-5,0.99298208076198
"4",10,12,"protein4",44,"exp2","130L","129L",2,53213077.7408403,0.794914919502107,-5.69897000433602,0.754534535185571
"4",10,12,"protein4",44,"exp2","131L","129L",40,53757819.2448659,0.806112983200716,-4.39794000867204,0.800106390316547
"5",17,17,"protein5",44,"exp2","129H","129L",0.5,43866359.1693254,0.959473135696226,-6.30102999566398,0.949493108559774
"5",17,17,"protein5",44,"exp2","129L","129L",0,44565112.3360973,1,-Inf,1
"5",17,17,"protein5",44,"exp2","130H","129L",10,45331036.4457998,1.04348299927314,-5,1.03360219978327
"5",17,17,"protein5",44,"exp2","130L","129L",2,43702502.7406036,0.989960305440849,-5.69897000433602,0.939671932923127
"5",17,17,"protein5",44,"exp2","131L","129L",40,44382078.8510479,1.00918576594882,-4.39794000867204,1.0016660160293
"6",27,31,"protein6",44,"exp2","129H","129L",0.5,3518772.78089565,0.992256615398914,-6.30102999566398,0.981935588598284
"6",27,31,"protein6",44,"exp2","129L","129L",0,3456714.05614058,1,-Inf,1
"6",27,31,"protein6",44,"exp2","130H","129L",10,3601560.12833509,1.06883815495461,-5,1.05871726606271
"6",27,31,"protein6",44,"exp2","130L","129L",2,3077743.87072284,0.898825732461244,-5.69897000433602,0.853166847944256
"6",27,31,"protein6",44,"exp2","131L","129L",40,3368472.04285996,0.987479237204873,-4.39794000867204,0.98012122922948
"7",7,10,"protein7",44,"exp2","129H","129L",0.5,18434229.4592856,1.42975118164839,-6.30102999566398,1.41487952442281
"7",7,10,"protein7",44,"exp2","129L","129L",0,12567843.3739476,1,-Inf,1
"7",7,10,"protein7",44,"exp2","130H","129L",10,13221502.4147364,1.07920707429717,-5,1.06898800152204
"7",7,10,"protein7",44,"exp2","130L","129L",2,14496705.100063,1.16443438799908,-5.69897000433602,1.10528301601547
"7",7,10,"protein7",44,"exp2","131L","129L",40,17274384.3693808,1.39283701707373,-4.39794000867204,1.38245856505781
"8",9,11,"protein8",44,"exp2","129H","129L",0.5,83527061.0128431,0.814596935413584,-6.30102999566398,0.806123848238716
"8",9,11,"protein8",44,"exp2","129L","129L",0,99949508.647778,1,-Inf,1
"8",9,11,"protein8",44,"exp2","130H","129L",10,91130831.4175568,0.935339776360449,-5,0.926482991159773
"8",9,11,"protein8",44,"exp2","130L","129L",2,81777786.0237477,0.825964084196625,-5.69897000433602,0.784006452841051
"8",9,11,"protein8",44,"exp2","131L","129L",40,86835333.6273134,0.880388366358301,-4.39794000867204,0.873828325015614
"9",31,36,"protein9",44,"exp2","129H","129L",0.5,7935929.57871926,0.827508831876912,-6.30102999566398,0.818901440705098
"9",31,36,"protein9",44,"exp2","129L","129L",0,9348058.09058867,1,-Inf,1
"9",31,36,"protein9",44,"exp2","130H","129L",10,8822633.57268438,0.968192188191739,-5,0.959024321646864
"9",31,36,"protein9",44,"exp2","130L","129L",2,9818527.30342621,1.06030650910017,-5.69897000433602,1.00644466391351
"9",31,36,"protein9",44,"exp2","131L","129L",40,8652797.56745468,0.937980095073869,-4.39794000867204,0.930990920253495
"10",11,14,"protein10",46.9,"exp3","126","126",0,20444715.1751967,1,-Inf,1
"10",11,14,"protein10",46.9,"exp3","127H","126",2,19934718.7547606,1.01390803751549,-5.69897000433602,1.01131421798233
"10",11,14,"protein10",46.9,"exp3","127L","126",0.5,21944930.5986838,1.09406610252237,-6.30102999566398,1.08035275180237
"10",11,14,"protein10",46.9,"exp3","128H","126",40,20640500.5008732,1.01034275759782,-4.39794000867204,1.00681400158355
"10",11,14,"protein10",46.9,"exp3","128L","126",10,21000104.6076817,1,-5,0.992982708794473
"12",21,23,"protein12",46.9,"exp3","126","126",0,32847069.3067871,1,-Inf,1
"12",21,23,"protein12",46.9,"exp3","127H","126",2,31950885.2582595,1.01147647478897,-5.69897000433602,1.00888887577549
"12",21,23,"protein12",46.9,"exp3","127L","126",0.5,32225985.8080678,1,-6.30102999566398,0.987465701854409
"12",21,23,"protein12",46.9,"exp3","128H","126",40,32197137.2377665,0.980957529611124,-4.39794000867204,0.977531405400975
"12",21,23,"protein12",46.9,"exp3","128L","126",10,33270514.6433387,0.98610349584973,-5,0.979183720460565
"13",2,5,"protein13",46.9,"exp3","126","126",0,15535046.2219318,1,-Inf,1
"13",2,5,"protein13",46.9,"exp3","127H","126",2,16373433.9206141,1.09596513668951,-5.69897000433602,1.09316139544866
"13",2,5,"protein13",46.9,"exp3","127L","126",0.5,15606360.9761508,1.02395179941659,-6.30102999566398,1.01111728227599
"13",2,5,"protein13",46.9,"exp3","128H","126",40,16139985.7558654,1.03972903134453,-4.39794000867204,1.03609763987369
"13",2,5,"protein13",46.9,"exp3","128L","126",10,16069829.0674944,1.00706688157143,-5,1
"14",24,28,"protein14",46.9,"exp3","126","126",0,21815184.6476783,1,-Inf,1
"14",24,28,"protein14",46.9,"exp3","127H","126",2,19690469.8371625,0.938570075103086,-5.69897000433602,0.93616898811693
"14",24,28,"protein14",46.9,"exp3","127L","126",0.5,22951666.3637887,1.07237268731087,-6.30102999566398,1.05893124832492
"14",24,28,"protein14",46.9,"exp3","128H","126",40,21150247.1220313,0.970255528421847,-4.39794000867204,0.966866782369533
"14",24,28,"protein14",46.9,"exp3","128L","126",10,21528035.6011468,0.960738326288092,-5,0.953996545680218
"15",17,18,"protein15",46.9,"exp3","126","126",0,33635929.8551194,1,-Inf,1
"15",17,18,"protein15",46.9,"exp3","127H","126",2,32236013.583178,0.996569082465938,-5.69897000433602,0.994019620131491
"15",17,18,"protein15",46.9,"exp3","127L","126",0.5,32100683.1914341,0.972750029643089,-6.30102999566398,0.96055729075041
"15",17,18,"protein15",46.9,"exp3","128H","126",40,34120581.0499407,1.01517883167685,-4.39794000867204,1.01163318503279
"15",17,18,"protein15",46.9,"exp3","128L","126",10,32539458.7551883,0.94181693039514,-5,0.935207926732262
"16",4,7,"protein16",46.9,"exp3","126","126",0,10080941.6608682,1,-Inf,1
"16",4,7,"protein16",46.9,"exp3","127H","126",2,9719502.52148814,1.00256480081762,-5.69897000433602,1
"16",4,7,"protein16",46.9,"exp3","127L","126",0.5,9773713.90122998,0.988209298357623,-6.30102999566398,0.975822788381764
"16",4,7,"protein16",46.9,"exp3","128H","126",40,10073294.4356593,1,-4.39794000867204,0.996507367437705
"16",4,7,"protein16",46.9,"exp3","128L","126",10,9687327.85589309,0.935540306398744,-5,0.928975347634237
"17",18,21,"protein17",46.9,"exp3","126","126",0,20334727.9781024,1,-Inf,1
"17",18,21,"protein17",46.9,"exp3","127H","126",2,19107666.4785824,0.977099525836876,-5.69897000433602,0.974599871290136
"17",18,21,"protein17",46.9,"exp3","127L","126",0.5,20203468.3581665,1.01269340101844,-6.30102999566398,1
"17",18,21,"protein17",46.9,"exp3","128H","126",40,19360092.6969062,0.952793176927615,-4.39794000867204,0.949465420452744
"17",18,21,"protein17",46.9,"exp3","128L","126",10,19682439.4292462,0.94232380621999,-5,0.935711245661844
"19",9,9,"tp2",46.9,"exp3","126","126",0,6066618.296,1,-Inf,1
"19",9,9,"tp2",46.9,"exp3","127H","126",2,13226403.992,2.08,-5.69897000433602,2.07467886195854
"19",9,9,"tp2",46.9,"exp3","127L","126",0.5,5527324.597,1.19,-6.30102999566398,1.17508418520675
"19",9,9,"tp2",46.9,"exp3","128H","126",40,28806690.301,4.59,-4.39794000867204,4.57396881653906
"19",9,9,"tp2",46.9,"exp3","128L","126",10,14209943.717,3.26,-5,3.23712363066998
"2",24,26,"protein2",46.9,"exp3","126","126",0,16917599.267717,1,-Inf,1
"2",24,26,"protein2",46.9,"exp3","127H","126",2,17006320.8299154,1.04530048518506,-5.69897000433602,1.04262635625407
"2",24,26,"protein2",46.9,"exp3","127L","126",0.5,18311067.2056257,1.10322815932956,-6.30102999566398,1.08939996865792
"2",24,26,"protein2",46.9,"exp3","128H","126",40,18196945.7879779,1.07643879385371,-4.39794000867204,1.07267918867098
"2",24,26,"protein2",46.9,"exp3","128L","126",10,17990385.1374898,1.03528836632133,-5,1.02802344637316
"20",21,24,"tp3",46.9,"exp3","126","126",0,6535926.238,1,-Inf,1
"20",21,24,"tp3",46.9,"exp3","127H","126",2,9054320.539,1.32,-5.69897000433602,1.31662312393523
"20",21,24,"tp3",46.9,"exp3","127L","126",0.5,5438573.631,1.09,-6.30102999566398,1.07633761502131
"20",21,24,"tp3",46.9,"exp3","128H","126",40,34242576.425,5.07,-4.39794000867204,5.05229235290916
"20",21,24,"tp3",46.9,"exp3","128L","126",10,10789048.709,2.29,-5,2.27393040313934
"4",21,22,"protein4",46.9,"exp3","126","126",0,56146848.4282375,1,-Inf,1
"4",21,22,"protein4",46.9,"exp3","127H","126",2,48801059.6329169,0.90380218234862,-5.69897000433602,0.901490039957059
"4",21,22,"protein4",46.9,"exp3","127L","126",0.5,52345194.4641622,0.950258688006723,-6.30102999566398,0.938347862295809
"4",21,22,"protein4",46.9,"exp3","128H","126",40,55893965.6114376,0.99625178520152,-4.39794000867204,0.99277224377628
"4",21,22,"protein4",46.9,"exp3","128L","126",10,58470012.7914289,1.01383530664314,-5,1.00672092906198
"5",21,25,"protein5",46.9,"exp3","126","126",0,27836951.3489164,1,-Inf,1
"5",21,25,"protein5",46.9,"exp3","127H","126",2,26402011.2455017,0.986245100706624,-5.69897000433602,0.983722049589523
"5",21,25,"protein5",46.9,"exp3","127L","126",0.5,26813134.8696312,0.981784875825896,-6.30102999566398,0.969478891477463
"5",21,25,"protein5",46.9,"exp3","128H","126",40,27913325.7170756,1.00350487379865,-4.39794000867204,1
"5",21,25,"protein5",46.9,"exp3","128L","126",10,27046594.8894378,0.945911558152183,-5,0.939273821293956
"7",4,9,"protein7",46.9,"exp3","126","126",0,12733646.2065866,1,-Inf,1
"7",4,9,"protein7",46.9,"exp3","127H","126",2,12245690.0170602,1,-5.69897000433602,0.997441760556992
"7",4,9,"protein7",46.9,"exp3","127L","126",0.5,12429479.110292,0.99492550670102,-6.30102999566398,0.982454813767376
"7",4,9,"protein7",46.9,"exp3","128H","126",40,13364491.3092885,1.05033836004059,-4.39794000867204,1.04666991408288
"7",4,9,"protein7",46.9,"exp3","128L","126",10,13546797.2912318,1.03572261587998,-5,1.0284546486762
"8",6,6,"protein8",46.9,"exp3","126","126",0,40328286.1688149,1,-Inf,1
"8",6,6,"protein8",46.9,"exp3","127H","126",2,38573171.578695,0.994592317752304,-5.69897000433602,0.992047912455317
"8",6,6,"protein8",46.9,"exp3","127L","126",0.5,41900568.1554565,1.05901121911264,-6.30102999566398,1.04573725675275
"8",6,6,"protein8",46.9,"exp3","128H","126",40,34434413.2253217,0.854500839736109,-4.39794000867204,0.851516382278738
"8",6,6,"protein8",46.9,"exp3","128L","126",10,43666944.3262139,1.05415055741089,-5,1.04675327597507
"9",27,30,"protein9",46.9,"exp3","126","126",0,7760725.95555419,1,-Inf,1
"9",27,30,"protein9",46.9,"exp3","127H","126",2,8222953.89681336,1.10178035575314,-5.69897000433602,1.09896173778952
"9",27,30,"protein9",46.9,"exp3","127L","126",0.5,7560579.80392039,0.992986099901323,-6.30102999566398,0.980539716070733
"9",27,30,"protein9",46.9,"exp3","128H","126",40,7659747.12729463,0.987737762150295,-4.39794000867204,0.9842879570792
"9",27,30,"protein9",46.9,"exp3","128L","126",10,8083743.40441559,1.0140743039077,-5,1.00695824921313
"10",11,14,"protein10",49.8,"exp3","129H","129L",0.5,15077667.2741915,1.00425374725205,-6.30102999566398,1
"10",11,14,"protein10",49.8,"exp3","129L","129L",0,15273491.2685933,1,-Inf,1
"10",11,14,"protein10",49.8,"exp3","130H","129L",10,15288456.1570525,0.980574183112291,-5,0.975470026185127
"10",11,14,"protein10",49.8,"exp3","130L","129L",2,16161014.997249,1.03829123460017,-5.69897000433602,1.02821720654296
"10",11,14,"protein10",49.8,"exp3","131L","129L",40,15947710.6000502,1,-4.39794000867204,0.991688501773079
"12",21,23,"protein12",49.8,"exp3","129H","129L",0.5,7792218.05536107,0.945351384354417,-6.30102999566398,0.941347131580229
"12",21,23,"protein12",49.8,"exp3","129L","129L",0,8385239.2648626,1,-Inf,1
"12",21,23,"protein12",49.8,"exp3","130H","129L",10,7476651.75834381,0.8734676746434,-5,0.868921036399229
"12",21,23,"protein12",49.8,"exp3","130L","129L",2,6760929.01237826,0.791188182864912,-5.69897000433602,0.783511673917224
"12",21,23,"protein12",49.8,"exp3","131L","129L",40,8215688.2622686,0.938357798344958,-4.39794000867204,0.930558639167796
"13",2,5,"protein13",49.8,"exp3","129H","129L",0.5,8835789.13740178,1.09008344375022,-6.30102999566398,1.08546614511823
"13",2,5,"protein13",49.8,"exp3","129L","129L",0,8245808.14838536,1,-Inf,1
"13",2,5,"protein13",49.8,"exp3","130H","129L",10,8602474.11103936,1.02198681270539,-5,1.01666709170989
"13",2,5,"protein13",49.8,"exp3","130L","129L",2,10108438.9313892,1.20292829673927,-5.69897000433602,1.19125687642065
"13",2,5,"protein13",49.8,"exp3","131L","129L",40,9206132.39617671,1.06926158719884,-4.39794000867204,1.06037442141272
"14",24,28,"protein14",49.8,"exp3","129H","129L",0.5,10898870.3667674,1.06845993731211,-6.30102999566398,1.06393423000486
"14",24,28,"protein14",49.8,"exp3","129L","129L",0,10376977.4028637,1,-Inf,1
"14",24,28,"protein14",49.8,"exp3","130H","129L",10,11127299.2341281,1.05044674538944,-5,1.04497888265714
"14",24,28,"protein14",49.8,"exp3","130L","129L",2,10471857.2822592,0.990242858582828,-5.69897000433602,0.980635020234219
"14",24,28,"protein14",49.8,"exp3","131L","129L",40,11914293.1246228,1.09960671855311,-4.39794000867204,1.09046733926154
"15",17,18,"protein15",49.8,"exp3","129H","129L",0.5,23159403.4350707,1.04171136548372,-6.30102999566398,1.03729895789203
"15",17,18,"protein15",49.8,"exp3","129L","129L",0,22616614.3281975,1,-Inf,1
"15",17,18,"protein15",49.8,"exp3","130H","129L",10,23567985.7307057,1.02082199261763,-5,1.01550833482942
"15",17,18,"protein15",49.8,"exp3","130L","129L",2,23881208.9411826,1.03613797578054,-5.69897000433602,1.02608483973227
"15",17,18,"protein15",49.8,"exp3","131L","129L",40,22966193.6203445,0.97252641161331,-4.39794000867204,0.964443260067552
"16",4,7,"protein16",49.8,"exp3","129H","129L",0.5,4510339.57094219,1.03743266040977,-6.30102999566398,1.03303837625551
"16",4,7,"protein16",49.8,"exp3","129L","129L",0,4422796.42842074,1,-Inf,1
"16",4,7,"protein16",49.8,"exp3","130H","129L",10,4575277.74813931,1.01338776601395,-5,1.00811280540936
"16",4,7,"protein16",49.8,"exp3","130L","129L",2,4682448.02176601,1.03887881523868,-5.69897000433602,1.02879908617617
"16",4,7,"protein16",49.8,"exp3","131L","129L",40,4862553.46088125,1.05294918778572,-4.39794000867204,1.0441976024784
"17",18,21,"protein17",49.8,"exp3","129H","129L",0.5,16721234.0046378,0.82848563747845,-6.30102999566398,0.824976396399257
"17",18,21,"protein17",49.8,"exp3","129L","129L",0,20531986.3696516,1,-Inf,1
"17",18,21,"protein17",49.8,"exp3","130H","129L",10,17765254.7244554,0.847609108978385,-5,0.843197071643904
"17",18,21,"protein17",49.8,"exp3","130L","129L",2,18318683.6150739,0.875491975876562,-5.69897000433602,0.866997508780113
"17",18,21,"protein17",49.8,"exp3","131L","129L",40,19691156.5558485,0.918502267467021,-4.39794000867204,0.910868137499546
"19",9,9,"tp2",49.8,"exp3","129H","129L",0.5,3032892.996,1.09,-6.30102999566398,1.08538305481316
"19",9,9,"tp2",49.8,"exp3","129L","129L",0,5353332.585,1,-Inf,1
"19",9,9,"tp2",49.8,"exp3","130H","129L",10,13917281.299,2.95,-5,2.93464444282294
"19",9,9,"tp2",49.8,"exp3","130L","129L",2,5776554.401,1.42,-5.69897000433602,1.40622243994312
"19",9,9,"tp2",49.8,"exp3","131L","129L",40,22255684.948,5.25,-4.39794000867204,5.20636463430866
"2",24,26,"protein2",49.8,"exp3","129H","129L",0.5,18635643.1328043,0.95839000642577,-6.30102999566398,0.954330525575054
"2",24,26,"protein2",49.8,"exp3","129L","129L",0,19781067.9751957,1,-Inf,1
"2",24,26,"protein2",49.8,"exp3","130H","129L",10,16535958.7247834,0.818907385397191,-5,0.814644748387298
"2",24,26,"protein2",49.8,"exp3","130L","129L",2,16562438.5075514,0.821605653201624,-5.69897000433602,0.813634018532568
"2",24,26,"protein2",49.8,"exp3","131L","129L",40,18087350.3387947,0.875719842433438,-4.39794000867204,0.868441298515773
"20",21,24,"tp3",49.8,"exp3","129H","129L",0.5,3378058.234,1.05,-6.30102999566398,1.04555248399433
"20",21,24,"tp3",49.8,"exp3","129L","129L",0,6208406.255,1,-Inf,1
"20",21,24,"tp3",49.8,"exp3","130H","129L",10,9153935.068,1.67,-5,1.6613071930557
"20",21,24,"tp3",49.8,"exp3","130L","129L",2,5824322.742,1.24,-5.69897000433602,1.22796889121793
"20",21,24,"tp3",49.8,"exp3","131L","129L",40,19224810.191,3.91,-4.39794000867204,3.87750204193274
"4",21,22,"protein4",49.8,"exp3","129H","129L",0.5,36553790.9855443,1,-6.30102999566398,0.995764270470791
"4",21,22,"protein4",49.8,"exp3","129L","129L",0,37186050.1623431,1,-Inf,1
"4",21,22,"protein4",49.8,"exp3","130H","129L",10,36877615.0263,0.971489070704604,-5,0.966432204273384
"4",21,22,"protein4",49.8,"exp3","130L","129L",2,37895808.3579064,1,-5.69897000433602,0.990297492917688
"4",21,22,"protein4",49.8,"exp3","131L","129L",40,39422112.6976337,1.01531270170755,-4.39794000867204,1.00687393198754
"5",21,25,"protein5",49.8,"exp3","129H","129L",0.5,21884723.0337735,0.975858151524866,-6.30102999566398,0.971724680336132
"5",21,25,"protein5",49.8,"exp3","129L","129L",0,22814028.8842731,1,-Inf,1
"5",21,25,"protein5",49.8,"exp3","130H","129L",10,23288785.6381828,1,-5,0.994794726380656
"5",21,25,"protein5",49.8,"exp3","130L","129L",2,24073405.7110464,1.03543877264588,-5.69897000433602,1.02539242062098
"5",21,25,"protein5",49.8,"exp3","131L","129L",40,24020759.4604388,1.00838115820851,-4.39794000867204,1
"7",4,9,"protein7",49.8,"exp3","129H","129L",0.5,11743629.1586491,1.03442113127013,-6.30102999566398,1.03003960313877
"7",4,9,"protein7",49.8,"exp3","129L","129L",0,11549217.7967607,1,-Inf,1
"7",4,9,"protein7",49.8,"exp3","130H","129L",10,11851244.3753626,1.005232510267,-5,1
"7",4,9,"protein7",49.8,"exp3","130L","129L",2,11884967.9934533,1.00979756805576,-5.69897000433602,1
"7",4,9,"protein7",49.8,"exp3","131L","129L",40,12761734.8056221,1.05827154552336,-4.39794000867204,1.04947572344914
"8",6,6,"protein8",49.8,"exp3","129H","129L",0.5,31604585.1670403,0.965504844496189,-6.30102999566398,0.961415227115762
"8",6,6,"protein8",49.8,"exp3","129L","129L",0,33299925.6341465,1,-Inf,1
"8",6,6,"protein8",49.8,"exp3","130H","129L",10,30017597.646197,0.883055118184537,-5,0.878458574673425
"8",6,6,"protein8",49.8,"exp3","130L","129L",2,31047453.7746551,0.914895730410502,-5.69897000433602,0.906018948106618
"8",6,6,"protein8",49.8,"exp3","131L","129L",40,33669781.4583425,0.96836037253904,-4.39794000867204,0.960311847019661
"9",27,30,"protein9",49.8,"exp3","129H","129L",0.5,5546308.20599731,0.910963392926279,-6.30102999566398,0.907104798382833
"9",27,30,"protein9",49.8,"exp3","129L","129L",0,6193707.62935858,1,-Inf,1
"9",27,30,"protein9",49.8,"exp3","130H","129L",10,6967885.20981083,1.10206048341941,-5,1.09632395705814
"9",27,30,"protein9",49.8,"exp3","130L","129L",2,5691057.26594141,0.901635764412192,-5.69897000433602,0.892887637022317
"9",27,30,"protein9",49.8,"exp3","131L","129L",40,5923794.79513851,0.915986936416342,-4.39794000867204,0.908373712618434
"10",29,29,"protein10",52.9,"exp4","126","126",0,7868855.3781254,1,-Inf,1
"10",29,29,"protein10",52.9,"exp4","127H","126",2,8121702.84469341,1.02440692055655,-5.69897000433602,1.02183888402113
"10",29,29,"protein10",52.9,"exp4","127L","126",0.5,7603866.89557802,0.946313198466199,-6.30102999566398,0.945267929794924
"10",29,29,"protein10",52.9,"exp4","128H","126",40,7580127.43098924,1,-4.39794000867204,0.999611887927964
"10",29,29,"protein10",52.9,"exp4","128L","126",10,7816690.00912658,1,-5,0.996246543564225
"12",26,28,"protein12",52.9,"exp4","126","126",0,2474263.22713367,1,-Inf,1
"12",26,28,"protein12",52.9,"exp4","127H","126",2,2492923.37020789,1,-5.69897000433602,0.997493148002139
"12",26,28,"protein12",52.9,"exp4","127L","126",0.5,2738946.09936564,1.08405056442198,-6.30102999566398,1.08285315526093
"12",26,28,"protein12",52.9,"exp4","128H","126",40,2502814.59795345,1.05006899526479,-4.39794000867204,1.04966145081126
"12",26,28,"protein12",52.9,"exp4","128L","126",10,2722751.57289045,1.10777303933539,-5,1.10361506149152
"13",23,27,"protein13",52.9,"exp4","126","126",0,7755394.79603168,1,-Inf,1
"13",23,27,"protein13",52.9,"exp4","127H","126",2,7812564.66612858,0.999831202239745,-5.69897000433602,0.997324773392886
"13",23,27,"protein13",52.9,"exp4","127L","126",0.5,7936908.49499031,1.00221158179248,-6.30102999566398,1.00110456947337
"13",23,27,"protein13",52.9,"exp4","128H","126",40,7946500.96723221,1.06367043103474,-4.39794000867204,1.06325760769979
"13",23,27,"protein13",52.9,"exp4","128L","126",10,7762032.6070961,1.0075351959011,-5,1.00375345643577
"14",4,5,"protein14",52.9,"exp4","126","126",0,3220422.45100342,1,-Inf,1
"14",4,5,"protein14",52.9,"exp4","127H","126",2,2869064.30271984,0.884228294828499,-5.69897000433602,0.882011665361042
"14",4,5,"protein14",52.9,"exp4","127L","126",0.5,3379462.70146511,1.02765364444068,-6.30102999566398,1.02651852959584
"14",4,5,"protein14",52.9,"exp4","128H","126",40,3051677.27268403,0.983695793898811,-4.39794000867204,0.983314009685988
"14",4,5,"protein14",52.9,"exp4","128L","126",10,3160811.65233349,0.988039816390725,-5,0.984331251983092
"15",13,16,"protein15",52.9,"exp4","126","126",0,22553827.0090768,1,-Inf,1
"15",13,16,"protein15",52.9,"exp4","127H","126",2,21323376.4660511,0.938366945570433,-5.69897000433602,0.936014598518203
"15",13,16,"protein15",52.9,"exp4","127L","126",0.5,21495238.8781567,0.933327335283782,-6.30102999566398,0.932296410400565
"15",13,16,"protein15",52.9,"exp4","128H","126",40,18823721.1442754,0.866403688079283,-4.39794000867204,0.866067426348683
"15",13,16,"protein15",52.9,"exp4","128L","126",10,16040072.3550622,0.715936908786188,-5,0.713249670788296
"16",9,9,"protein16",52.9,"exp4","126","126",0,3571904.80792362,1,-Inf,1
"16",9,9,"protein16",52.9,"exp4","127H","126",2,3616931.9108295,1.00502630419644,-5.69897000433602,1.00250685199786
"16",9,9,"protein16",52.9,"exp4","127L","126",0.5,3713996.67504004,1.01824805476036,-6.30102999566398,1.01712332904275
"16",9,9,"protein16",52.9,"exp4","128H","126",40,3422872.77386841,0.994777462522414,-4.39794000867204,0.994391377380219
"16",9,9,"protein16",52.9,"exp4","128L","126",10,3485801.482231,0.982406999634183,-5,0.978719577758856
"17",16,20,"protein17",52.9,"exp4","126","126",0,14556675.1845848,1,-Inf,1
"17",16,20,"protein17",52.9,"exp4","127H","126",2,12927832.9620254,0.881455744372144,-5.69897000433602,0.879246065278339
"17",16,20,"protein17",52.9,"exp4","127L","126",0.5,13770064.5331025,0.926372680902985,-6.30102999566398,0.925349437918694
"17",16,20,"protein17",52.9,"exp4","128H","126",40,14033443.3051148,1.000776525523,-4.39794000867204,1.00038811207204
"17",16,20,"protein17",52.9,"exp4","128L","126",10,13809173.4861481,0.954979763233443,-5,0.951395288295099
"2",16,21,"protein2",52.9,"exp4","126","126",0,6761406.97149885,1,-Inf,1
"2",16,21,"protein2",52.9,"exp4","127H","126",2,7422457.03666752,1.08955105877719,-5.69897000433602,1.08681971552872
"2",16,21,"protein2",52.9,"exp4","127L","126",0.5,6904386.9376839,1,-6.30102999566398,0.998895430526629
"2",16,21,"protein2",52.9,"exp4","128H","126",40,7686629.79929798,1.180141125631,-4.39794000867204,1.17968309861343
"2",16,21,"protein2",52.9,"exp4","128L","126",10,7296085.05432231,1.08627925390065,-5,1.08220195204405
"20",26,26,"tp3",52.9,"exp4","126","126",0,2736910.271,1,-Inf,1
"20",26,26,"tp3",52.9,"exp4","127H","126",2,3537072.232,1.11,-5.69897000433602,1.10721739428237
"20",26,26,"tp3",52.9,"exp4","127L","126",0.5,3632175.479,1.04,-6.30102999566398,1.03885124774769
"20",26,26,"tp3",52.9,"exp4","128H","126",40,4171852.553,1.17,-4.39794000867204,1.16954590887572
"20",26,26,"tp3",52.9,"exp4","128L","126",10,2889955.684,1.35,-5,1.3449328338117
"4",26,28,"protein4",52.9,"exp4","126","126",0,7353694.44197915,1,-Inf,1
"4",26,28,"protein4",52.9,"exp4","127H","126",2,7940167.84471047,1.07167000239427,-5.69897000433602,1.06898348430772
"4",26,28,"protein4",52.9,"exp4","127L","126",0.5,7545019.89565264,1.00477024121845,-6.30102999566398,1.00366040268225
"4",26,28,"protein4",52.9,"exp4","128H","126",40,7796443.04101375,1.10059107555868,-4.39794000867204,1.10016392287588
"4",26,28,"protein4",52.9,"exp4","128L","126",10,8836521.96421634,1.20966316206698,-5,1.2051227440862
"5",16,17,"protein5",52.9,"exp4","126","126",0,21942709.0051648,1,-Inf,1
"5",16,17,"protein5",52.9,"exp4","127H","126",2,22873878.5080012,1.03463350445163,-5.69897000433602,1.03203983138394
"5",16,17,"protein5",52.9,"exp4","127L","126",0.5,21909028.58949,0.977788292993093,-6.30102999566398,0.976708257893233
"5",16,17,"protein5",52.9,"exp4","128H","126",40,20776037.5958348,0.982895927351647,-4.39794000867204,0.982514453576687
"5",16,17,"protein5",52.9,"exp4","128L","126",10,23119400.3683726,1.0606570828063,-5,1.0566759526527
"7",12,17,"protein7",52.9,"exp4","126","126",0,10323759.0887911,1,-Inf,1
"7",12,17,"protein7",52.9,"exp4","127H","126",2,11853858.2110014,1.13961678810161,-5.69897000433602,1.13675993747956
"7",12,17,"protein7",52.9,"exp4","127L","126",0.5,11104785.542805,1.05337806152558,-6.30102999566398,1.0522145322749
"7",12,17,"protein7",52.9,"exp4","128H","126",40,11456931.8251576,1.15203460350481,-4.39794000867204,1.15158748496778
"7",12,17,"protein7",52.9,"exp4","128L","126",10,11383468.663136,1.11000626273451,-5,1.1058399025839
"8",26,30,"protein8",52.9,"exp4","126","126",0,24939751.8078739,1,-Inf,1
"8",26,30,"protein8",52.9,"exp4","127H","126",2,21883139.5767817,0.870872295572761,-5.69897000433602,0.868689147618722
"8",26,30,"protein8",52.9,"exp4","127L","126",0.5,19464192.6216924,0.76428655796813,-6.30102999566398,0.76344235036729
"8",26,30,"protein8",52.9,"exp4","128H","126",40,19591289.2799269,0.81546616638498,-4.39794000867204,0.815149674121469
"8",26,30,"protein8",52.9,"exp4","128L","126",10,22132069.902297,0.893343702497506,-5,0.889990575828008
"9",15,20,"protein9",52.9,"exp4","126","126",0,6499061.91600662,1,-Inf,1
"9",15,20,"protein9",52.9,"exp4","127H","126",2,6236856.35999803,0.952471608965783,-5.69897000433602,0.950083903609941
"9",15,20,"protein9",52.9,"exp4","127L","126",0.5,6222505.74818931,0.93761940472605,-6.30102999566398,0.936583738953949
"9",15,20,"protein9",52.9,"exp4","128H","126",40,5697869.46972864,0.910116269970504,-4.39794000867204,0.909763042859172
"9",15,20,"protein9",52.9,"exp4","128L","126",10,6218258.03766044,0.963178411140539,-5,0.959563162934445
"10",29,29,"protein10",55.5,"exp4","129H","129L",0.5,6533184.96752999,1.1611860782197,-6.30102999566398,1.1569318825415
"10",29,29,"protein10",55.5,"exp4","129L","129L",0,5563065.27776674,1,-Inf,1
"10",29,29,"protein10",55.5,"exp4","130H","129L",10,4840333.75899401,0.853576705680696,-5,0.853429297755161
"10",29,29,"protein10",55.5,"exp4","130L","129L",2,5077087.90751081,0.890094092208146,-5.69897000433602,0.890094092208146
"10",29,29,"protein10",55.5,"exp4","131L","129L",40,5063457.95692835,0.836496956373187,-4.39794000867204,0.833373727832508
"12",26,28,"protein12",55.5,"exp4","129H","129L",0.5,2086705.42142383,1.06456678064759,-6.30102999566398,1.06066656561545
"12",26,28,"protein12",55.5,"exp4","129L","129L",0,1938113.722665,1,-Inf,1
"12",26,28,"protein12",55.5,"exp4","130H","129L",10,2130375.5641572,1.07834646053627,-5,1.07816023613055
"12",26,28,"protein12",55.5,"exp4","130L","129L",2,2123002.3251732,1.06833290433459,-5.69897000433602,1.06833290433459
"12",26,28,"protein12",55.5,"exp4","131L","129L",40,2231921.88888792,1.05835422467832,-4.39794000867204,1.05440264769351
"13",23,27,"protein13",55.5,"exp4","129H","129L",0.5,7653539.09027392,0.95339180162007,-6.30102999566398,0.949898894360707
"13",23,27,"protein13",55.5,"exp4","129L","129L",0,7937466.65598755,1,-Inf,1
"13",23,27,"protein13",55.5,"exp4","130H","129L",10,7685114.11168769,0.949838586020896,-5,0.949674554206735
"13",23,27,"protein13",55.5,"exp4","130L","129L",2,6857874.74449678,0.842641853103447,-5.69897000433602,0.842641853103447
"13",23,27,"protein13",55.5,"exp4","131L","129L",40,6710129.53918835,0.77692715891437,-4.39794000867204,0.774026346116114
"14",4,5,"protein14",55.5,"exp4","129H","129L",0.5,2989329.53214576,1.01967720170681,-6.30102999566398,1.01594144701079
"14",4,5,"protein14",55.5,"exp4","129L","129L",0,2898692.22454276,1,-Inf,1
"14",4,5,"protein14",55.5,"exp4","130H","129L",10,2955770.45882831,1.00034544847692,-5,1.00017269440995
"14",4,5,"protein14",55.5,"exp4","130L","129L",2,3038350.5069583,1.02228304746698,-5.69897000433602,1.02228304746698
"14",4,5,"protein14",55.5,"exp4","131L","129L",40,2962661.72531376,0.939315035653957,-4.39794000867204,0.935807915268531
"15",13,16,"protein15",55.5,"exp4","129H","129L",0.5,18218623.4358826,0.994404141172645,-6.30102999566398,0.990760978479679
"15",13,16,"protein15",55.5,"exp4","129L","129L",0,18115221.8660577,1,-Inf,1
"15",13,16,"protein15",55.5,"exp4","130H","129L",10,18465550.3391101,1,-5,0.999827305590049
"15",13,16,"protein15",55.5,"exp4","130L","129L",2,17614389.5475309,0.948329653305746,-5.69897000433602,0.948329653305746
"15",13,16,"protein15",55.5,"exp4","131L","129L",40,18825733.4863642,0.95507958399228,-4.39794000867204,0.951513603515462
"16",9,9,"protein16",55.5,"exp4","129H","129L",0.5,2817415.88927549,0.922054185997303,-6.30102999566398,0.918676089233388
"16",9,9,"protein16",55.5,"exp4","129L","129L",0,3021242.170686,1,-Inf,1
"16",9,9,"protein16",55.5,"exp4","130H","129L",10,2887013.64122543,0.9374426313029,-5,0.937280740200824
"16",9,9,"protein16",55.5,"exp4","130L","129L",2,2845646.65127335,0.918609273807396,-5.69897000433602,0.918609273807396
"16",9,9,"protein16",55.5,"exp4","131L","129L",40,3735615.83620349,1.13633918435781,-4.39794000867204,1.1320964349426
"17",16,20,"protein17",55.5,"exp4","129H","129L",0.5,14223738.9195009,1,-6.30102999566398,0.996336335960276
"17",16,20,"protein17",55.5,"exp4","129L","129L",0,14063868.4141152,1,-Inf,1
"17",16,20,"protein17",55.5,"exp4","130H","129L",10,13538542.4659042,0.944383778987289,-5,0.944220689187809
"17",16,20,"protein17",55.5,"exp4","130L","129L",2,13765530.6764893,0.954604672346311,-5.69897000433602,0.954604672346311
"17",16,20,"protein17",55.5,"exp4","131L","129L",40,13661270.2082292,0.89272480042735,-4.39794000867204,0.889391633995095
"2",16,21,"protein2",55.5,"exp4","129H","129L",0.5,3024569.32060738,1.06920531324195,-6.30102999566398,1.06528810418474
"2",16,21,"protein2",55.5,"exp4","129L","129L",0,2797006.37757376,1,-Inf,1
"2",16,21,"protein2",55.5,"exp4","130H","129L",10,3166917.18549298,1.11077130486323,-5,1.11057948086814
"2",16,21,"protein2",55.5,"exp4","130L","129L",2,2867860.78280086,1,-5.69897000433602,1
"2",16,21,"protein2",55.5,"exp4","131L","129L",40,3066233.39479277,1.00749538517083,-4.39794000867204,1.00373369982626
"20",26,26,"tp3",55.5,"exp4","129H","129L",0.5,3849980.725,1.19,-6.30102999566398,1.18564023979273
"20",26,26,"tp3",55.5,"exp4","129L","129L",0,3202022.826,1,-Inf,1
"20",26,26,"tp3",55.5,"exp4","130H","129L",10,4737673.501,1.23,-5,1.22978758587576
"20",26,26,"tp3",55.5,"exp4","130L","129L",2,2714068.308,1,-5.69897000433602,1
"20",26,26,"tp3",55.5,"exp4","131L","129L",40,3865401.255,1.03,-4.39794000867204,1.02615428917895
"4",26,28,"protein4",55.5,"exp4","129H","129L",0.5,3834386.78707488,0.791993662062281,-6.30102999566398,0.789092063362894
"4",26,28,"protein4",55.5,"exp4","129L","129L",0,4787019.92930788,1,-Inf,1
"4",26,28,"protein4",55.5,"exp4","130H","129L",10,4041398.3877401,0.828224035974761,-5,0.828081006313561
"4",26,28,"protein4",55.5,"exp4","130L","129L",2,5583207.2025893,1.13750653799945,-5.69897000433602,1.13750653799945
"4",26,28,"protein4",55.5,"exp4","131L","129L",40,6230385.97876229,1.19613728979704,-4.39794000867204,1.19167127220594
"5",16,17,"protein5",55.5,"exp4","129H","129L",0.5,21193782.3559446,1.07773297362297,-6.30102999566398,1.07378452208308
"5",16,17,"protein5",55.5,"exp4","129L","129L",0,19444121.3103527,1,-Inf,1
"5",16,17,"protein5",55.5,"exp4","130H","129L",10,21352469.9607634,1.07731126062062,-5,1.07712521498813
"5",16,17,"protein5",55.5,"exp4","130L","129L",2,20570327.1582893,1.03178276349745,-5.69897000433602,1.03178276349745
"5",16,17,"protein5",55.5,"exp4","131L","129L",40,21157142.3977556,1,-4.39794000867204,0.996266300173739
"7",12,17,"protein7",55.5,"exp4","129H","129L",0.5,9668054.00177342,1.00735427166007,-6.30102999566398,1.00366366403972
"7",12,17,"protein7",55.5,"exp4","129L","129L",0,9489598.92277577,1,-Inf,1
"7",12,17,"protein7",55.5,"exp4","130H","129L",10,9667812.28176958,0.999451567669698,-5,0.999278967970945
"7",12,17,"protein7",55.5,"exp4","130L","129L",2,9979177.73666325,1.02561010673327,-5.69897000433602,1.02561010673327
"7",12,17,"protein7",55.5,"exp4","131L","129L",40,9437919.8584562,0.914028506696909,-4.39794000867204,0.910615798620257
"8",26,30,"protein8",55.5,"exp4","129H","129L",0.5,22098974.1210094,0.954735474278967,-6.30102999566398,0.951237644254403
"8",26,30,"protein8",55.5,"exp4","129L","129L",0,22886536.5878928,1,-Inf,1
"8",26,30,"protein8",55.5,"exp4","130H","129L",10,23403780.017124,1.00319956007913,-5,1.00302631312304
"8",26,30,"protein8",55.5,"exp4","130L","129L",2,19454569.3826812,0.829042773066567,-5.69897000433602,0.829042773066567
"8",26,30,"protein8",55.5,"exp4","131L","129L",40,25837571.486306,1.03753541102485,-4.39794000867204,1.03366156524097
"9",15,20,"protein9",55.5,"exp4","129H","129L",0.5,4067618.86285652,0.955756689650154,-6.30102999566398,0.952255118235557
"9",15,20,"protein9",55.5,"exp4","129L","129L",0,4208079.42629994,1,-Inf,1
"9",15,20,"protein9",55.5,"exp4","130H","129L",10,4516917.24250946,1.05302724282378,-5,1.05284539090541
"9",15,20,"protein9",55.5,"exp4","130L","129L",2,4367868.42367562,1.01232744344094,-5.69897000433602,1.01232744344094
"9",15,20,"protein9",55.5,"exp4","131L","129L",40,5227044.84294925,1.14157279474367,-4.39794000867204,1.13731050459827
"10",12,12,"protein10",58.6,"exp5","126","126",0,4325145.07768273,1,-Inf,1
"10",12,12,"protein10",58.6,"exp5","127H","126",2,4472507.12644668,0.970836676594999,-5.69897000433602,1
"10",12,12,"protein10",58.6,"exp5","127L","126",0.5,4212095.91194986,0.975505732093969,-6.30102999566398,0.970859098913541
"10",12,12,"protein10",58.6,"exp5","128H","126",40,4232360.64562599,0.986792915074076,-4.39794000867204,0.978200692451829
"10",12,12,"protein10",58.6,"exp5","128L","126",10,4379948.48954538,0.998138834507156,-5,0.996284584018329
"13",11,16,"protein13",58.6,"exp5","126","126",0,5910929.13135879,1,-Inf,1
"13",11,16,"protein13",58.6,"exp5","127H","126",2,6787488.99124656,1.07807555566854,-5.69897000433602,1.1104602675804
"13",11,16,"protein13",58.6,"exp5","127L","126",0.5,6491364.70003506,1.10005021554898,-6.30102999566398,1.09481033877169
"13",11,16,"protein13",58.6,"exp5","128H","126",40,5810053.77877739,0.991216298773301,-4.39794000867204,0.982585560777761
"13",11,16,"protein13",58.6,"exp5","128L","126",10,8864936.92369837,1.47823175307687,-5,1.47548563013687
"15",22,26,"protein15",58.6,"exp5","126","126",0,8208379.32269461,1,-Inf,1
"15",22,26,"protein15",58.6,"exp5","127H","126",2,8997998.26846375,1.029163323405,-5.69897000433602,1.06007874261052
"15",22,26,"protein15",58.6,"exp5","127L","126",0.5,8722367.72050489,1.06441069000257,-6.30102999566398,1.05934057522308
"15",22,26,"protein15",58.6,"exp5","128H","126",40,8509716.63707528,1.0454462663003,-4.39794000867204,1.036343336068
"15",22,26,"protein15",58.6,"exp5","128L","126",10,8853996.32325554,1.06317449385036,-5,1.06119942609749
"17",27,28,"protein17",58.6,"exp5","126","126",0,9264467.39409463,1,-Inf,1
"17",27,28,"protein17",58.6,"exp5","127H","126",2,8663952.78936731,0.877993767634305,-5.69897000433602,0.904368148423976
"17",27,28,"protein17",58.6,"exp5","127L","126",0.5,9293125.97234505,1.0047861045806,-6.30102999566398,1
"17",27,28,"protein17",58.6,"exp5","128H","126",40,9395776.63179655,1.02271885140109,-4.39794000867204,1.01381381376151
"17",27,28,"protein17",58.6,"exp5","128L","126",10,9230443.35610537,0.982029951640828,-5,0.980205626752425
"20",11,11,"tp3",58.6,"exp5","126","126",0,4285806.207,1,-Inf,1
"20",11,11,"tp3",58.6,"exp5","127H","126",2,4198750.57,0.96,-5.69897000433602,0.988837796453049
"20",11,11,"tp3",58.6,"exp5","127L","126",0.5,3926072.199,1.06,-6.30102999566398,1.05495089469061
"20",11,11,"tp3",58.6,"exp5","128H","126",40,5190982.407,1.02,-4.39794000867204,1.01111863599666
"20",11,11,"tp3",58.6,"exp5","128L","126",10,3437136.18,1.01,-5,1.00812371492926
"5",16,19,"protein5",58.6,"exp5","126","126",0,15200120.021461,1,-Inf,1
"5",16,19,"protein5",58.6,"exp5","127H","126",2,16673067.9182657,1.02982709793863,-5.69897000433602,1.06076245651383
"5",16,19,"protein5",58.6,"exp5","127L","126",0.5,14004546.0827531,0.922899207808017,-6.30102999566398,0.918503155647477
"5",16,19,"protein5",58.6,"exp5","128H","126",40,15313316.7640012,1.01593584522622,-4.39794000867204,1.00708986871103
"5",16,19,"protein5",58.6,"exp5","128L","126",10,15450122.6125674,1.00186116549284,-5,1
"7",27,32,"protein7",58.6,"exp5","126","126",0,6254279.6106859,1,-Inf,1
"7",27,32,"protein7",58.6,"exp5","127H","126",2,5887411.23743555,0.883777401400437,-5.69897000433602,0.910325518912303
"7",27,32,"protein7",58.6,"exp5","127L","126",0.5,6213860.09784579,0.995213895419399,-6.30102999566398,0.990473386208703
"7",27,32,"protein7",58.6,"exp5","128H","126",40,5548025.49836119,0.89455117347987,-4.39794000867204,0.886762119958996
"7",27,32,"protein7",58.6,"exp5","128L","126",10,6297388.12162459,0.992443511577134,-5,0.990599841335224
"8",19,20,"protein8",58.6,"exp5","126","126",0,16167078.3688965,1,-Inf,1
"8",19,20,"protein8",58.6,"exp5","127H","126",2,14431027.6706701,0.838033788215582,-5.69897000433602,0.863207796346144
"8",19,20,"protein8",58.6,"exp5","127L","126",0.5,15209115.7675541,0.942333597482245,-6.30102999566398,0.937844973359357
"8",19,20,"protein8",58.6,"exp5","128H","126",40,15038670.6160801,0.938041253895804,-4.39794000867204,0.929873522693843
"8",19,20,"protein8",58.6,"exp5","128L","126",10,14661663.5041203,0.89386994257627,-5,0.892209393241179
"9",22,26,"protein9",58.6,"exp5","126","126",0,3681980.92649526,1,-Inf,1
"9",22,26,"protein9",58.6,"exp5","127H","126",2,4097287.95064378,1.04474611601146,-5.69897000433602,1.07612963251006
"9",22,26,"protein9",58.6,"exp5","127L","126",0.5,3863955.62790552,1.05119394222961,-6.30102999566398,1.04618678287592
"9",22,26,"protein9",58.6,"exp5","128H","126",40,3683286.96835789,1.0087837012267,-4.39794000867204,1
"9",22,26,"protein9",58.6,"exp5","128L","126",10,5063649.67860709,1.35551630858819,-5,1.35299815511002
"10",12,12,"protein10",62,"exp5","129H","129L",0.5,2067867.56235387,0.91245095844726,-6.30102999566398,0.91046829591195
"10",12,12,"protein10",62,"exp5","129L","129L",0,2354336.16040111,1,-Inf,1
"10",12,12,"protein10",62,"exp5","130H","129L",10,2153703.18325782,0.912161532748459,-5,0.862721008342341
"10",12,12,"protein10",62,"exp5","130L","129L",2,2306677.17373848,1.01270317773513,-5.69897000433602,1
"10",12,12,"protein10",62,"exp5","131L","129L",40,2274662.38435767,0.995065081610848,-4.39794000867204,0.990178630876788
"13",11,16,"protein13",62,"exp5","129H","129L",0.5,3770230.52063465,1.00571673304265,-6.30102999566398,1.00353141352572
"13",11,16,"protein13",62,"exp5","129L","129L",0,3894462.37918918,1,-Inf,1
"13",11,16,"protein13",62,"exp5","130H","129L",10,4390172.51885418,1.12405730020893,-5,1.06313170710986
"13",11,16,"protein13",62,"exp5","130L","129L",2,3905301.0135754,1.03650363394363,-5.69897000433602,1.02350190730293
"13",11,16,"protein13",62,"exp5","131L","129L",40,3683683.12539813,0.974176761276034,-4.39794000867204,0.969392886494161
"15",22,26,"protein15",62,"exp5","129H","129L",0.5,4506038.85163537,1.00217762940699,-6.30102999566398,1
"15",22,26,"protein15",62,"exp5","129L","129L",0,4670953.15514225,1,-Inf,1
"15",22,26,"protein15",62,"exp5","130H","129L",10,4415919.13863257,0.942692337467109,-5,0.891596997612587
"15",22,26,"protein15",62,"exp5","130L","129L",2,4105143.52344678,0.908419946205584,-5.69897000433602,0.8970248797256
"15",22,26,"protein15",62,"exp5","131L","129L",40,4185292.11147851,0.92283334095926,-4.39794000867204,0.918301597518876
"17",27,28,"protein17",62,"exp5","129H","129L",0.5,8632726.61512857,0.99782237059301,-6.30102999566398,0.995654204717624
"17",27,28,"protein17",62,"exp5","129L","129L",0,8987730.37418476,1,-Inf,1
"17",27,28,"protein17",62,"exp5","130H","129L",10,9852621.65340466,1.09309056833678,-5,1.03384341859225
"17",27,28,"protein17",62,"exp5","130L","129L",2,9455816.3380055,1.08745882149353,-5.69897000433602,1.07381792158053
"17",27,28,"protein17",62,"exp5","131L","129L",40,9222608.23464823,1.05683390798146,-4.39794000867204,1.05164413002536
"20",11,11,"tp3",62,"exp5","129H","129L",0.5,3947032.76,1.15,-6.30102999566398,1.14750116771263
"20",11,11,"tp3",62,"exp5","129L","129L",0,3272156.462,1,-Inf,1
"20",11,11,"tp3",62,"exp5","130H","129L",10,4589712.963,1.18,-5,1.11604222859143
"20",11,11,"tp3",62,"exp5","130L","129L",2,3736685.801,1.22,-5.69897000433602,1.20469652591442
"20",11,11,"tp3",62,"exp5","131L","129L",40,5394968.603,1.04,-4.39794000867204,1.03489288805593
"5",16,19,"protein5",62,"exp5","129H","129L",0.5,11756610.4631554,0.914996016291657,-6.30102999566398,0.91300782360616
"5",16,19,"protein5",62,"exp5","129L","129L",0,13348061.82599,1,-Inf,1
"5",16,19,"protein5",62,"exp5","130H","129L",10,14183661.1140375,1.05955745908111,-5,1.00212785419793
"5",16,19,"protein5",62,"exp5","130L","129L",2,13111375.7815802,1.01529882361844,-5.69897000433602,1.00256308653945
"5",16,19,"protein5",62,"exp5","131L","129L",40,15057853.3791448,1.16184412987175,-4.39794000867204,1.15613867984019
"7",27,32,"protein7",62,"exp5","129H","129L",0.5,5368433.11128827,0.949784664786936,-6.30102999566398,0.947720879929183
"7",27,32,"protein7",62,"exp5","129L","129L",0,5871886.83580789,1,-Inf,1
"7",27,32,"protein7",62,"exp5","130H","129L",10,4545165.9886075,0.771838517319193,-5,0.730003711001368
"7",27,32,"protein7",62,"exp5","130L","129L",2,5040323.94042619,0.88724712337906,-5.69897000433602,0.876117645215013
"7",27,32,"protein7",62,"exp5","131L","129L",40,4756127.94586051,0.834216673082186,-4.39794000867204,0.830120098144647
"8",19,20,"protein8",62,"exp5","129H","129L",0.5,6119370.39741005,1.11198910292226,-6.30102999566398,1.1095728644235
"8",19,20,"protein8",62,"exp5","129L","129L",0,5716911.82563791,1,-Inf,1
"8",19,20,"protein8",62,"exp5","130H","129L",10,5314636.42879216,0.926971629640738,-5,0.876728375750234
"8",19,20,"protein8",62,"exp5","130L","129L",2,5460663.37837651,0.987296822264874,-5.69897000433602,0.974912337564624
"8",19,20,"protein8",62,"exp5","131L","129L",40,5877940.65206348,1.0589286936435,-4.39794000867204,1.05372862885578
"9",22,26,"protein9",62,"exp5","129H","129L",0.5,2589744.16431349,1.08869254370164,-6.30102999566398,1.08632692624145
"9",22,26,"protein9",62,"exp5","129L","129L",0,2471194.32888446,1,-Inf,1
"9",22,26,"protein9",62,"exp5","130H","129L",10,2620317.40619607,1.05730766253289,-5,1
"9",22,26,"protein9",62,"exp5","130L","129L",2,2042496.61555287,0.854315477983049,-5.69897000433602,0.843599088820571
"9",22,26,"protein9",62,"exp5","131L","129L",40,2411247.67497301,1.00493491838915,-4.39794000867204,1
"13",15,17,"protein13",65.4,"exp6","126","126",0,2612984.76687571,1,-Inf,1
"13",15,17,"protein13",65.4,"exp6","127H","126",2,2284954.62652587,0.932124644362195,-5.69897000433602,0.932124644362195
"13",15,17,"protein13",65.4,"exp6","127L","126",0.5,2360944.14101594,0.89862802819513,-6.30102999566398,0.89862802819513
"13",15,17,"protein13",65.4,"exp6","128H","126",40,2589659.93301322,1.00261699016336,-4.39794000867204,1.00261699016336
"13",15,17,"protein13",65.4,"exp6","128L","126",10,1869452.04568435,0.751682705503211,-5,0.751682705503211
"17",15,17,"protein17",65.4,"exp6","126","126",0,5312535.88222515,1,-Inf,1
"17",15,17,"protein17",65.4,"exp6","127H","126",2,6114171.65656363,1.22678664309881,-5.69897000433602,1.22678664309881
"17",15,17,"protein17",65.4,"exp6","127L","126",0.5,5665514.67145441,1.06064150560413,-6.30102999566398,1.06064150560413
"17",15,17,"protein17",65.4,"exp6","128H","126",40,5537962.0682653,1.05457458467131,-4.39794000867204,1.05457458467131
"17",15,17,"protein17",65.4,"exp6","128L","126",10,5822662.00888926,1.15153412234479,-5,1.15153412234479
"5",24,28,"protein5",65.4,"exp6","126","126",0,5407679.55029881,1,-Inf,1
"5",24,28,"protein5",65.4,"exp6","127H","126",2,5115895.62633694,1.00842595513765,-5.69897000433602,1.00842595513765
"5",24,28,"protein5",65.4,"exp6","127L","126",0.5,6376755.45414139,1.17278915191482,-6.30102999566398,1.17278915191482
"5",24,28,"protein5",65.4,"exp6","128H","126",40,5331430.02879159,0.997383009836642,-4.39794000867204,0.997383009836642
"5",24,28,"protein5",65.4,"exp6","128L","126",10,5189873.12132514,1.00833048921065,-5,1.00833048921065
"7",33,37,"protein7",65.4,"exp6","126","126",0,3158285.81817895,1,-Inf,1
"7",33,37,"protein7",65.4,"exp6","127H","126",2,2937942.50629196,0.991574044862349,-5.69897000433602,0.991574044862349
"7",33,37,"protein7",65.4,"exp6","127L","126",0.5,2982989.1320518,0.939358494395866,-6.30102999566398,0.939358494395866
"7",33,37,"protein7",65.4,"exp6","128H","126",40,2887313.54600338,0.924850889158812,-4.39794000867204,0.924850889158812
"7",33,37,"protein7",65.4,"exp6","128L","126",10,2980995.25174327,0.991669510789349,-5,0.991669510789349
"13",15,17,"protein13",66.3,"exp6","129H","129L",0.5,2264816.78854518,1.03127065185814,-6.30102999566398,1.03127065185814
"13",15,17,"protein13",66.3,"exp6","129L","129L",0,2149872.55878495,1,-Inf,1
"13",15,17,"protein13",66.3,"exp6","130H","129L",10,2136891.9616955,0.971139292226581,-5,0.971139292226581
"13",15,17,"protein13",66.3,"exp6","130L","129L",2,2148430.67080007,0.956923415479071,-5.69897000433602,0.956923415479071
"13",15,17,"protein13",66.3,"exp6","131L","129L",40,2214133.38864439,0.988102622532466,-4.39794000867204,0.988102622532466
"17",15,17,"protein17",66.3,"exp6","129H","129L",0.5,3984737.83585271,0.968729348141861,-6.30102999566398,0.968729348141861
"17",15,17,"protein17",66.3,"exp6","129L","129L",0,4026702.97686704,1,-Inf,1
"17",15,17,"protein17",66.3,"exp6","130H","129L",10,4135284.53498283,1.00338470924185,-5,1.00338470924185
"17",15,17,"protein17",66.3,"exp6","130L","129L",2,3847047.44492034,0.914842855950586,-5.69897000433602,0.914842855950586
"17",15,17,"protein17",66.3,"exp6","131L","129L",40,4063895.11661542,0.96828651226446,-4.39794000867204,0.96828651226446
"5",24,28,"protein5",66.3,"exp6","129H","129L",0.5,3202370.97825593,1.08011245602931,-6.30102999566398,1.08011245602931
"5",24,28,"protein5",66.3,"exp6","129L","129L",0,2902384.63431569,1,-Inf,1
"5",24,28,"protein5",66.3,"exp6","130H","129L",10,2960539.33260158,0.996615290758147,-5,0.996615290758147
"5",24,28,"protein5",66.3,"exp6","130L","129L",2,3161568.58875572,1.04307658452093,-5.69897000433602,1.04307658452093
"5",24,28,"protein5",66.3,"exp6","131L","129L",40,3359951.6249967,1.11068024084071,-4.39794000867204,1.11068024084071
"7",33,37,"protein7",66.3,"exp6","129H","129L",0.5,1600522.54369464,0.794597352276118,-6.30102999566398,0.794597352276118
"7",33,37,"protein7",66.3,"exp6","129L","129L",0,1971818.70189573,1,-Inf,1
"7",33,37,"protein7",66.3,"exp6","130H","129L",10,2064891.00419052,1.0231559350348,-5,1.0231559350348
"7",33,37,"protein7",66.3,"exp6","130L","129L",2,2302365.20862849,1.11808748645101,-5.69897000433602,1.11808748645101
"7",33,37,"protein7",66.3,"exp6","131L","129L",40,2079660.60224652,1.01189737746753,-4.39794000867204,1.01189737746753
